date,close,return,equity
2020-01-01,12182.5,0.0,1.0
2020-01-02,12282.2001953125,0.008183886337984836,1.0081838863379848
2020-01-03,12226.650390625,-0.004522789386603554,1.0036240829571106
2020-01-06,11993.0498046875,-0.019105853072941215,0.9844489886876666
2020-01-07,12052.9501953125,0.004994592001242859,0.9893659097321976
2020-01-08,12025.349609375,-0.0022899444111396106,0.9871003167966343
2020-01-09,12215.900390625,0.015845758122611686,1.0027416696593472
2020-01-10,12256.7998046875,0.0033480474426501594,1.006098896342089
2020-01-13,12329.5498046875,0.0059354808073293075,1.0120705770316025
2020-01-14,12362.2998046875,0.0026562202609821117,1.0147588594038577
2020-01-15,12343.2998046875,-0.0015369308543056182,1.01319924520316
2020-01-16,12355.5,0.000988406301843714,1.014200697722142
2020-01-17,12352.349609375,-0.000254978804985595,1.0139420980402214
2020-01-20,12224.5498046875,-0.010346193941151438,1.0034516564487992
2020-01-21,12169.849609375,-0.004474618385662321,0.99896159321773
2020-01-22,12106.900390625,-0.005172555189302153,0.9937944092448181
2020-01-23,12180.349609375,0.0060667236352978104,0.9998234852760105
2020-01-24,12248.25,0.005574584704263197,1.0053970859839934
2020-01-27,12119.0,-0.010552527912150667,0.9947876051713523
2020-01-28,12055.7998046875,-0.005214967844912932,0.9895998197978658
2020-01-29,12129.5,0.006113256399948197,0.9956494972296327
2020-01-30,12035.7998046875,-0.0077249841553650445,0.9879581206392366
2020-01-31,11962.099609375,-0.006123414854723341,0.9819084432074697
2020-02-03,11707.900390625,-0.021250384719316173,0.9610425110301661
2020-02-04,11979.650390625,0.02321082268667074,0.9833490983480402
2020-02-05,12089.150390625,0.009140500467834434,0.992337401241535
2020-02-06,12137.9501953125,0.004036661230167438,0.9963431311563719
2020-02-07,12098.349609375,-0.0032625431230384194,0.9930925187256311
2020-02-10,12031.5,-0.005525514763038308,0.9876051713523497
2020-02-11,12107.900390625,0.006350030388978967,0.9938764942027499
2020-02-12,12201.2001953125,0.0077056964194832656,1.0015350047455367
2020-02-13,12174.650390625,-0.0021759994314084485,0.9993556651446748
2020-02-14,12113.4501953125,-0.005026854435148831,0.9943320496870511
2020-02-17,12045.7998046875,-0.00558473346026378,0.9887789702185512
2020-02-18,11992.5,-0.004424762618648104,0.9844038579930228
2020-02-19,12125.900390625,0.011123651500938081,0.995354023445516
2020-02-20,12080.849609375,-0.003715252459506435,0.9916560319618305
2020-02-24,11829.400390625,-0.02081386879900149,0.9710158334188386
2020-02-25,11797.900390625,-0.002662856861702312,0.9684301572439976
2020-02-26,11678.5,-0.010120477938589723,0.9586291812025448
2020-02-27,11633.2998046875,-0.003870376787472707,0.9549189250718245
2020-02-28,11201.75,-0.03709607866493836,0.9194951775087218
2020-03-02,11132.75,-0.006159751824491688,0.9138313154114511
2020-03-03,11303.2998046875,0.015319647408546855,0.9278308889544431
2020-03-04,11251.0,-0.004626950146523701,0.9235378616868462
2020-03-05,11269.0,0.0015998577904186018,0.9250153909296124
2020-03-06,10989.4501953125,-0.024806975302821943,0.9020685569720913
2020-03-09,10451.4501953125,-0.048956043335951605,0.8579068496049663
2020-03-11,10458.400390625,0.0006649981756232659,0.8584773560948084
2020-03-12,9590.150390625,-0.08301938801064712,0.787207091370819
2020-03-13,9955.2001953125,0.03806507612689369,0.8171721892314798
2020-03-16,9197.400390625,-0.07612100106679087,0.7549682241432385
2020-03-17,8967.0498046875,-0.02504518409052825,0.7360599059870719
2020-03-18,8468.7998046875,-0.05556454027271507,0.6951610756977225
2020-03-19,8263.4501953125,-0.024247781753128472,0.678304961650934
2020-03-20,8745.4501953125,0.058329146858465686,0.7178699113738973
2020-03-23,7610.25,-0.12980466070471242,0.6246870510978866
2020-03-24,7801.0498046875,0.02507142402516349,0.6403488450389907
2020-03-25,8317.849609375,0.06624746894667499,0.6827703352657505
2020-03-26,8641.4501953125,0.038904356430389475,0.7093330757490257
2020-03-27,8660.25,0.0021755381634551707,0.7108762569259187
2020-03-30,8281.099609375,-0.04378053643081892,0.6797537130617693
2020-03-31,8597.75,0.03823772271336057,0.7057459470552025
2020-04-01,8253.7998046875,-0.04000467509668226,0.6775128097424589
2020-04-03,8083.7998046875,-0.020596574186770744,0.6635583668941109
2020-04-07,8792.2001953125,0.08763210467115035,0.7217073831571932
2020-04-08,8748.75,-0.004941902407507137,0.718140775702853
2020-04-09,9111.900390625,0.04150883161880259,0.747949960240099
2020-04-13,8993.849609375,-0.01295567073707915,0.7382597668274168
2020-04-15,8925.2998046875,-0.007621853562688519,0.7326328589934337
2020-04-16,8992.7998046875,0.007562771164790316,0.7381735936538071
2020-04-17,9266.75,0.03046328187687486,0.7606607839113487
2020-04-20,9261.849609375,-0.0005288143766692954,0.7602585355530479
2020-04-21,8981.4501953125,-0.030274667144095657,0.7372419614457217
2020-04-22,9187.2998046875,0.02291941778872575,0.7541391179714759
2020-04-23,9313.900390625,0.01377995587701486,0.7645311217422538
2020-04-24,9154.400390625,-0.017124941572334906,0.751438570952186
2020-04-27,9282.2998046875,0.013971358975458648,0.7619371889749647
2020-04-28,9380.900390625,0.010622430648890235,0.7700308139236616
2020-04-29,9553.349609375,0.018383013524196468,0.7841863007900682
2020-04-30,9859.900390625,0.03208830345213909,0.8093495087728304
2020-05-04,9293.5,-0.05744483901313502,0.7628565565360153
2020-05-05,9205.599609375,-0.009458265521601117,0.7556412566694033
2020-05-06,9270.900390625,0.007093593467121684,0.761001468551201
2020-05-07,9199.0498046875,-0.007750119504051356,0.7551036162271706
2020-05-08,9251.5,0.0057016970693835045,0.7594089883028939
2020-05-11,9239.2001953125,-0.0013294930214019507,0.7583993593525553
2020-05-12,9196.5498046875,-0.004616242718351149,0.7548984038323419
2020-05-13,9383.5498046875,0.02033371253039773,0.7702482909655248
2020-05-14,9142.75,-0.025661909373274727,0.7504822491278478
2020-05-15,9136.849609375,-0.0006453627874545287,0.7499979158116155
2020-05-18,8823.25,-0.034322509703259896,0.7242561050687466
2020-05-19,8879.099609375,0.00632982284022332,0.7288405179047819
2020-05-20,9066.5498046875,0.021111396826158035,0.7442273593012523
2020-05-21,9106.25,0.004378754451001221,0.7474861481633496
2020-05-22,9039.25,-0.0073575840768702605,0.7419864559819418
2020-05-26,9029.0498046875,-0.0011284338094974533,0.7411491733788226
2020-05-27,9314.9501953125,0.03166450477176164,0.7646172949158635
2020-05-28,9490.099609375,0.018803043536468778,0.7789944272009035
2020-05-29,9580.2998046875,0.009504662651105722,0.7863985064385395
2020-06-01,9826.150390625,0.025662097319460564,0.8065791414426438
2020-06-02,9979.099609375,0.015565527970742954,0.8191339716293871
2020-06-03,10061.5498046875,0.008262288035990828,0.8259018924430542
2020-06-04,10029.099609375,-0.003225168681009971,0.82323821952596
2020-06-05,10142.150390625,0.011272276241460544,0.8325179881489847
2020-06-08,10167.4501953125,0.002494520758722585,0.8345947215524323
2020-06-09,10046.650390625,-0.011881032349997822,0.8246788746665304
2020-06-10,10116.150390625,0.006917728526201428,0.8303837792427669
2020-06-11,9902.0,-0.021169158460066062,0.8128052534373083
2020-06-12,9972.900390625,0.00716020911179549,0.8186251090190854
2020-06-15,9813.7001953125,-0.015963279394844432,0.8055571676841787
2020-06-16,9914.0,0.010220386061458031,0.8137902729324857
2020-06-17,9881.150390625,-0.0033134566648174157,0.811093814128874
2020-06-18,10091.650390625,0.021303187551898528,0.8283726977734461
2020-06-19,10244.400390625,0.015136275444292302,0.8409111750974765
2020-06-22,10311.2001953125,0.006520616350433883,0.8463944342550797
2020-06-23,10471.0,0.015497691991291696,0.8595115945003085
2020-06-24,10305.2998046875,-0.015824677233549855,0.8459101009388473
2020-06-25,10288.900390625,-0.001591357298992957,0.8445639557254264
2020-06-26,10383.0,0.00914574014738645,0.85228811820234
2020-06-29,10312.400390625,-0.006799538608783573,0.8464929522368156
2020-06-30,10302.099609375,-0.0009988732845714887,0.8456474130412482
2020-07-01,10430.0498046875,0.012419817334717198,0.8561501994407967
2020-07-02,10551.7001953125,0.011663452514898642,0.8661358666375955
2020-07-03,10607.349609375,0.005273976044848361,0.8707038464498261
2020-07-06,10763.650390625,0.014735139974255018,0.8835337895033866
2020-07-07,10799.650390625,0.003344590235981215,0.886488847988919
2020-07-08,10705.75,-0.00869476207364206,0.8787810383747183
2020-07-09,10813.4501953125,0.010060032721901813,0.8876216043761549
2020-07-10,10768.0498046875,-0.004198511095439339,0.8838949152216299
2020-07-13,10802.7001953125,0.003217889149241815,0.8867391910783916
2020-07-14,10607.349609375,-0.01808349601540049,0.870703846449826
2020-07-15,10618.2001953125,0.0010229309240368245,0.8715945163400374
2020-07-16,10739.9501953125,0.011466161662100571,0.8815883599681926
2020-07-17,10901.7001953125,0.01506059125586967,0.8948656019136061
2020-07-20,11022.2001953125,0.011053321760931656,0.9047568393443469
2020-07-21,11162.25,0.012706156865764484,0.9162528216704294
2020-07-22,11132.599609375,-0.0026563094918139463,0.913818970603325
2020-07-23,11215.4501953125,0.007442159858846331,0.9206197574646013
2020-07-24,11194.150390625,-0.0018991484351116306,0.9188713638928796
2020-07-27,11131.7998046875,-0.005569925698846956,0.9137533186691981
2020-07-28,11300.5498046875,0.0151592736988444,0.9276051553201319
2020-07-29,11202.849609375,-0.008645614328603224,0.9195854388980099
2020-07-30,11102.150390625,-0.008988714680747911,0.9113195477631854
2020-07-31,11073.4501953125,-0.002585102372305803,0.908963693438334
2020-08-03,10891.599609375,-0.016422215545293994,0.8940364957418432
2020-08-04,11095.25,0.018697932161379383,0.9107531294890215
2020-08-05,11101.650390625,0.0005768586219327965,0.9112785052842196
2020-08-06,11200.150390625,0.008872554668374333,0.9193638736404683
2020-08-07,11214.0498046875,0.0012410024488720417,0.9205048064590606
2020-08-10,11270.150390625,0.005002705259437024,0.9251098206956704
2020-08-11,11322.5,0.004644978776729314,0.9294069361789457
2020-08-12,11308.400390625,-0.0012452735151247118,0.9282495703365488
2020-08-13,11300.4501953125,-0.0007030344733010008,0.9275969788887753
2020-08-14,11178.400390625,-0.010800437378868932,0.9175785258054592
2020-08-17,11247.099609375,0.0061457110453491115,0.9232176982864769
2020-08-18,11385.349609375,0.012292057935075373,0.9345659437205013
2020-08-19,11408.400390625,0.002024600213507588,0.9364580661296947
2020-08-20,11312.2001953125,-0.008432399987605033,0.92856147714447
2020-08-21,11371.599609375,0.005250916093857194,0.9334372755489437
2020-08-24,11466.4501953125,0.008341006471886514,0.9412230819053976
2020-08-25,11472.25,0.0005058064691958464,0.9416991586291819
2020-08-26,11549.599609375,0.0067423225064831005,0.9480483980607436
2020-08-27,11559.25,0.0008355606212675504,0.948840549969219
2020-08-28,11647.599609375,0.007643195654994939,0.9560927239380267
2020-08-31,11387.5,-0.022330747801946216,0.9347424584444908
2020-09-01,11470.25,0.007266739846322645,0.941534988713319
2020-09-02,11535.0,0.005645038251127943,0.946849989739381
2020-09-03,11527.4501953125,-0.0006545127600779965,0.9462302643392168
2020-09-04,11333.849609375,-0.016794744948559814,0.9303385683870313
2020-09-07,11355.0498046875,0.0018705202595032944,0.9320787855273965
2020-09-08,11317.349609375,-0.0033201259317187093,0.9289841665811621
2020-09-09,11278.0,-0.003476927967516641,0.9257541555509959
2020-09-10,11449.25,0.015184429863450921,0.9398112045967583
2020-09-11,11464.4501953125,0.0013276149365679668,0.9410589119895348
2020-09-14,11440.0498046875,-0.0021283524468515003,0.9390560069515705
2020-09-15,11521.7998046875,0.007145947910690342,0.9457664522624674
2020-09-16,11604.5498046875,0.0071820376506051,0.9525589825312956
2020-09-17,11516.099609375,-0.007622027291120936,0.9452985519700396
2020-09-18,11504.9501953125,-0.0009681588767627147,0.9443833527857589
2020-09-21,11250.5498046875,-0.02211225483867385,0.923500907423559
2020-09-22,11153.650390625,-0.00861286032635733,0.9155469230966555
2020-09-23,11131.849609375,-0.0019545871070447696,0.9137574068848763
2020-09-24,10805.5498046875,-0.029312272096516434,0.8869731011440595
2020-09-25,11050.25,0.022645788482354545,0.9070593063821059
2020-09-28,11227.5498046875,0.016044868187371275,0.9216129533911351
2020-09-29,11222.400390625,-0.0004586409458945395,0.9211902639544431
2020-09-30,11247.5498046875,0.002241001317642377,0.9232546525497644
2020-10-01,11416.9501953125,0.015061092732783665,0.9371598764877903
2020-10-05,11503.349609375,0.0075676439490797165,0.9442519687564135
2020-10-06,11662.400390625,0.013826475474619793,0.9573076454442855
2020-10-07,11738.849609375,0.006555187284725372,0.9635829763492723
2020-10-08,11834.599609375,0.008156676606839941,0.9714426110712095
2020-10-09,11914.2001953125,0.0067260903253916204,0.9779766218192087
2020-10-12,11930.9501953125,0.0014058853909966196,0.9793515448645606
2020-10-13,11934.5,0.0002975290843887368,0.9796429304329988
2020-10-14,11971.0498046875,0.0030625333853533387,0.9826431196131752
2020-10-15,11680.349609375,-0.02428360085835335,0.9587810063102816
2020-10-16,11762.4501953125,0.007028949362235082,0.9655202294531093
2020-10-19,11873.0498046875,0.009402769621849272,0.974598793735892
2020-10-20,11896.7998046875,0.002000328507897331,0.9765483114867642
2020-10-21,11937.650390625,0.0034337457642519276,0.9799015301149193
2020-10-22,11896.4501953125,-0.0034512817819539743,0.9765196138159249
2020-10-23,11930.349609375,0.0028495402835257977,0.9793022457931464
2020-10-26,11767.75,-0.013629073304543216,0.9659552636979278
2020-10-27,11889.400390625,0.010337608346965288,0.9759409308947266
2020-10-28,11729.599609375,-0.013440608945763599,0.962823690488406
2020-10-29,11670.7998046875,-0.005012942184360991,0.9579971109942546
2020-10-30,11642.400390625,-0.002433373422367602,0.9556659462856562
2020-11-02,11669.150390625,0.002297636149117599,0.9578617189103228
2020-11-03,11813.5,0.01237019016319918,0.9697106505232923
2020-11-04,11908.5,0.008041647267956087,0.9775087215267808
2020-11-05,12120.2998046875,0.017785598915690537,0.9948942995844455
2020-11-06,12263.5498046875,0.011819014571289532,1.006652969808127
2020-11-09,12461.0498046875,0.016104635537461442,1.0228647489995901
2020-11-10,12631.099609375,0.01364650710436388,1.0368232800636163
2020-11-11,12749.150390625,0.009346041508720315,1.0465134734762984
2020-11-12,12690.7998046875,-0.004576821525331454,1.0417237680843427
2020-11-13,12719.9501953125,0.002296970330761372,1.0441165766724814
2020-11-17,12874.2001953125,0.012126619808373373,1.056778181433409
2020-11-18,12938.25,0.004975051165572175,1.0620357069567006
2020-11-19,12771.7001953125,-0.01287266861341374,1.0483644732454345
2020-11-20,12859.0498046875,0.00683930941371913,1.0555345622563106
2020-11-23,12926.4501953125,0.005241475198302092,1.0610671204853277
2020-11-24,13055.150390625,0.0099563448098976,1.0716314706033248
2020-11-25,12858.400390625,-0.015070680468092346,1.05548125513031
2020-11-26,12987.0,0.010001213639976747,1.0660373486558592
2020-11-27,12968.9501953125,-0.001389836350773832,1.0645557311974148
2020-12-01,13109.0498046875,0.010802694687318537,1.0760558017391755
2020-12-02,13113.75,0.0003585458429504751,1.0764416170736717
2020-12-03,13133.900390625,0.0015365849299400214,1.0780956610404273
2020-12-04,13258.5498046875,0.009490662358873525,1.0883275029499286
2020-12-07,13355.75,0.007331133249439903,1.0963061768930848
2020-12-08,13392.9501953125,0.002785331809333158,1.0993597533603536
2020-12-09,13529.099609375,0.010165752285866914,1.1105355722860668
2020-12-10,13478.2998046875,-0.0037548548058806697,1.106365672455367
2020-12-11,13513.849609375,0.002637558535026452,1.109283776677612
2020-12-14,13558.150390625,0.0032781762806703973,1.112920204442849
2020-12-15,13567.849609375,0.0007153791977927426,1.1137163644059107
2020-12-16,13682.7001953125,0.008464907059269056,1.1231438699209937
2020-12-17,13740.7001953125,0.004238929390550483,1.1279047974810184
2020-12-18,13760.5498046875,0.0014445849987885229,1.129534151831521
2020-12-21,13328.400390625,-0.0314049525779333,1.094061185358096
2020-12-22,13466.2998046875,0.010346283876607965,1.105380652960189
2020-12-23,13601.099609375,0.010010159185716239,1.1164456892571315
2020-12-24,13749.25,0.01089253037474136,1.128606607839114
2020-12-28,13873.2001953125,0.009015051389166695,1.1387810544069366
2020-12-29,13932.599609375,0.004281594241144937,1.1436568528114102
2020-12-30,13981.9501953125,0.003542094606974411,1.1477077935819828
2020-12-31,13981.75,-1.4318125132972703e-05,1.1476913605581782
2021-01-01,14018.5,0.0026284263414808606,1.1507079827621594
2021-01-04,14132.900390625,0.00816067272711063,1.160098534013955
2021-01-05,14199.5,0.004712380865514287,1.1655653601477534
2021-01-06,14146.25,-0.0037501320469031096,1.1611943361379031
2021-01-07,14137.349609375,-0.0006291696120880319,1.1604637479478763
2021-01-08,14347.25,0.014847223590326086,1.1776934126821264
2021-01-11,14484.75,0.009583718134137165,1.188980094397702
2021-01-12,14563.4501953125,0.005433314024232416,1.1954401966191261
2021-01-13,14564.849609375,9.609083312889233e-05,1.195555067463575
2021-01-14,14595.599609375,0.002111247340323086,1.1980791799199673
2021-01-15,14433.7001953125,-0.011092344158201595,1.1847896733275192
2021-01-18,14281.2998046875,-0.010558650142566628,1.1722798936743282
2021-01-19,14521.150390625,0.016794730817062842,1.1919680189308435
2021-01-20,14644.7001953125,0.008508265623863087,1.2021095994510569
2021-01-21,14590.349609375,-0.0037112802046228577,1.197648233890827
2021-01-22,14371.900390625,-0.014972171647596122,1.1797168389595731
2021-01-25,14238.900390625,-0.009254169343308138,1.168799539554689
2021-01-27,13967.5,-0.019060488041877988,1.1465216499076545
2021-01-28,13817.5498046875,-0.010735650281904374,1.134212994433614
2021-01-29,13634.599609375,-0.013240422354072856,1.1191955353478351
2021-02-01,14281.2001953125,0.047423511101338356,1.1722717172429715
2021-02-02,14647.849609375,0.02567357148195737,1.2023681189718858
2021-02-03,14789.9501953125,0.009701122671723184,1.214032439590601
2021-02-04,14895.650390625,0.0071467580293813615,1.2227088356761746
2021-02-05,14924.25,0.0019199973566108586,1.2250564334085776
2021-02-08,15115.7998046875,0.01283480273296811,1.2407797910681302
2021-02-09,15109.2998046875,-0.0004300136336804483,1.2402462388415758
2021-02-10,15106.5,-0.00018530340410816137,1.2400164169915862
2021-02-11,15173.2998046875,0.004421924647502795,1.2454996761491894
2021-02-12,15163.2998046875,-0.0006590524229219685,1.2446788265698747
2021-02-15,15314.7001953125,0.00998465984153385,1.2571065212651344
2021-02-16,15313.4501953125,-8.162092525865194e-05,1.2570039150677201
2021-02-17,15208.900390625,-0.006827318687430917,1.2484219487482044
2021-02-18,15118.9501953125,-0.005914312869584326,1.2410383907500513
2021-02-19,14981.75,-0.009074717063029758,1.2297763184896369
2021-02-22,14675.7001953125,-0.020428174591586412,1.204654233146932
2021-02-23,14707.7998046875,0.0021872625461001327,1.2072891282320954
2021-02-24,14982.0,0.01864318245786234,1.22979683972912
2021-02-25,15097.349609375,0.007699213013950157,1.2392653075620772
2021-02-26,14529.150390625,-0.03763569324758598,1.1926246985942957
2021-03-01,14761.5498046875,0.015995389118723446,1.2117011947209118
2021-03-02,14919.099609375,0.010672985341787733,1.2246336638107946
2021-03-03,15245.599609375,0.021884698711632122,1.251434402575416
2021-03-04,15080.75,-0.010812930524138231,1.2379027293248517
2021-03-05,14938.099609375,-0.009459104528952489,1.2261932780114924
2021-03-08,14956.2001953125,0.0012117060677612201,1.227679063846707
2021-03-09,15098.400390625,0.00950777560179139,1.239351560896779
2021-03-10,15174.7998046875,0.005060099883821945,1.2456228035860872
2021-03-12,15030.9501953125,-0.009479506235763657,1.2338149144520836
2021-03-15,14929.5,-0.006749419963093084,1.2254873794377188
2021-03-16,14910.4501953125,-0.001275984104457617,1.2239236770213429
2021-03-17,14721.2998046875,-0.012685759862868795,1.2083972751641707
2021-03-18,14557.849609375,-0.011102973071742905,1.1949804727580555
2021-03-19,14744.0,0.012786942826028547,1.2102606197414334
2021-03-22,14736.400390625,-0.000515437423697751,1.209636806125591
2021-03-23,14814.75,0.00531673999743143,1.2160681305150842
2021-03-24,14549.400390625,-0.017911176994211853,1.1942869189924081
2021-03-25,14324.900390625,-0.015430189146808937,1.1758588459367956
2021-03-26,14507.2998046875,0.012733031929623273,1.1908310941668387
2021-03-30,14845.099609375,0.02328481586755049,1.2185593769238672
2021-03-31,14690.7001953125,-0.010400699094332388,1.205885507515905
2021-04-01,14867.349609375,0.012024574166918489,1.2203857672378422
2021-04-05,14637.7998046875,-0.015439860548026041,1.2015431811768942
2021-04-06,14683.5,0.003122067245233451,1.20529447978658
2021-04-07,14819.0498046875,0.009231436965811968,1.216421079801971
2021-04-08,14873.7998046875,0.0036945688638336804,1.2209152312487184
2021-04-09,14834.849609375,-0.0026187118170183377,1.2177180061050696
2021-04-12,14310.7998046875,-0.03532558930400764,1.174701399933307
2021-04-13,14504.7998046875,0.013556195506029933,1.19062588177201
2021-04-15,14581.4501953125,0.005284484560774683,1.1969177258618928
2021-04-16,14617.849609375,0.002496282165007191,1.1999055702339427
2021-04-19,14359.4501953125,-0.017676978554819645,1.1786948652011087
2021-04-20,14296.400390625,-0.004390823034999047,1.1735194246357485
2021-04-22,14406.150390625,0.007676757575422188,1.182528248768726
2021-04-23,14341.349609375,-0.004498133053794207,1.177209079365894
2021-04-26,14485.0,0.010016518287169873,1.1890006156371848
2021-04-27,14653.0498046875,0.011601643402658013,1.2027949767853483
2021-04-28,14864.5498046875,0.014433855260107098,1.2201559453878519
2021-04-29,14894.900390625,0.0020418099664161193,1.2226472719577266
2021-04-30,14631.099609375,-0.017710812045177438,1.2009931959265343
2021-05-03,14634.150390625,0.00020851346320172048,1.2012436191770985
2021-05-04,14496.5,-0.00940610742344028,1.1899445926533965
2021-05-05,14617.849609375,0.0083709591539336,1.1999055702339423
2021-05-06,14724.7998046875,0.0073164109749706,1.2086845725169302
2021-05-07,14823.150390625,0.006679247748155426,1.216757676226144
2021-05-10,14942.349609375,0.008041422748121585,1.2265421390827005
2021-05-11,14850.75,-0.006130201191218876,1.2190231890006156
2021-05-12,14696.5,-0.0103866808073666,1.206361584239688
2021-05-14,14677.7998046875,-0.0012724250884564858,1.2048265794941513
2021-05-17,14923.150390625,0.01671576048197254,1.2249661720192897
2021-05-18,15108.099609375,0.012393443335275034,1.2401477208598395
2021-05-19,15030.150390625,-0.005159432408138875,1.2337492625179556
2021-05-20,14906.0498046875,-0.00825677606093067,1.2235624711420066
2021-05-21,15175.2998046875,0.01806313567497475,1.245663846065052
2021-05-24,15197.7001953125,0.001476108604989923,1.2475025811871534
2021-05-25,15208.4501953125,0.0007073438653115716,1.2483849944849166
2021-05-26,15301.4501953125,0.006115021504864648,1.2560188955725422
2021-05-27,15337.849609375,0.002378821196545866,1.2590067399445923
2021-05-28,15435.650390625,0.006376433707514062,1.2670347129591624
2021-05-31,15582.7998046875,0.009533088035724946,1.2791134664221215
2021-06-01,15574.849609375,-0.0005101904286871628,1.278460874974348
2021-06-02,15576.2001953125,8.67158252806366e-05,1.2785717377642105
2021-06-03,15690.349609375,0.0073284506253876724,1.2879416876154317
2021-06-04,15670.25,-0.001281017305247989,1.286291812025446
2021-06-07,15751.650390625,0.0051945814919991395,1.2929735596655034
2021-06-08,15740.099609375,-0.0007333060957773752,1.2920254142725218
2021-06-09,15635.349609375,-0.006654976944212576,1.2834270149292015
2021-06-10,15737.75,0.0065492869160790335,1.2918325466858198
2021-06-11,15799.349609375,0.003914130633349666,1.2968889480299608
2021-06-14,15811.849609375,0.0007911718082738162,1.297915010004104
2021-06-15,15869.25,0.003630213545097627,1.3026267186538063
2021-06-16,15767.5498046875,-0.006408632752808119,1.2942786623999585
2021-06-17,15691.400390625,-0.0048295020472909345,1.288027940950133
2021-06-18,15683.349609375,-0.000513069646403852,1.2873670929099115
2021-06-21,15746.5,0.004026588209654625,1.2925507900677198
2021-06-22,15772.75,0.0016670371193598932,1.2947055202134206
2021-06-23,15686.9501953125,-0.005439749231269109,1.2876626468551198
2021-06-24,15790.4501953125,0.006597840798329813,1.2961584400010258
2021-06-25,15860.349609375,0.0044266891189239654,1.3018961304637797
2021-06-28,15814.7001953125,-0.0028782098242977616,1.2981490002308635
2021-06-29,15748.4501953125,-0.0041891404314852165,1.2927108717679043
2021-06-30,15721.5,-0.0017112919035373597,1.290498666119433
2021-07-01,15680.0,-0.002639697229908089,1.2870921403652775
2021-07-02,15722.2001953125,0.002691338986766656,1.2905561416222036
2021-07-05,15834.349609375,0.007133188273225066,1.2997619215575615
2021-07-06,15818.25,-0.0010167521731027085,1.2984403857993017
2021-07-07,15879.650390625,0.0038816171589777237,1.3034804342807298
2021-07-08,15727.900390625,-0.0095562557277451,1.2910240419146308
2021-07-09,15689.7998046875,-0.0024224839292732447,1.2878965569207872
2021-07-12,15692.599609375,0.00017844744498685117,1.288126378770777
2021-07-13,15812.349609375,0.007630985495128417,1.2979560524830691
2021-07-14,15853.9501953125,0.0026308921169333477,1.3013708348296726
2021-07-15,15924.2001953125,0.004431072328003882,1.3071373031243576
2021-07-16,15923.400390625,-5.0225736783704455e-05,1.3070716511902307
2021-07-19,15752.400390625,-0.010738912280361723,1.2930351233839512
2021-07-20,15632.099609375,-0.0076369809214345,1.2831602388159233
2021-07-22,15824.0498046875,0.012279233123449584,1.2989164625230853
2021-07-23,15856.0498046875,0.002022238326785386,1.301543181176892
2021-07-26,15824.4501953125,-0.0019929055322251976,1.2989493285706946
2021-07-27,15746.4501953125,-0.004929081202650898,1.2925467018520407
2021-07-28,15709.400390625,-0.002352898858342667,1.2895054701928985
2021-07-29,15778.4501953125,0.004395444954646832,1.2951734205058474
2021-07-30,15763.0498046875,-0.000976039499086867,1.2939092800892662
2021-08-02,15885.150390625,0.007746000136419795,1.3039319015493525
2021-08-03,16130.75,0.015460955882416139,1.324091935152882
2021-08-04,16258.7998046875,0.007938242467802281,1.334602897983787
2021-08-05,16294.599609375,0.0022018725316477195,1.3375415234455148
2021-08-06,16238.2001953125,-0.003461233501561467,1.3329119799148357
2021-08-09,16258.25,0.0012347307242392969,1.334557767289143
2021-08-10,16280.099609375,0.0013439090538649445,1.3363512915555087
2021-08-11,16282.25,0.00013208706805212245,1.3365278062794979
2021-08-12,16364.400390625,0.005045395484346349,1.3432711176380037
2021-08-13,16529.099609375,0.010064482340847336,1.3567904460804416
2021-08-16,16563.05078125,0.002054024277023725,1.3595773265955247
2021-08-17,16614.599609375,0.0031122785775283823,1.3638087099835812
2021-08-18,16568.849609375,-0.00275360231817956,1.3600533231582168
2021-08-20,16450.5,-0.007142898400624986,1.3503386004514653
2021-08-23,16496.44921875,0.0027931806783987323,1.3541103401395422
2021-08-24,16624.599609375,0.007768362083601765,1.3646295595628954
2021-08-25,16634.650390625,0.0006045728309951315,1.36545457751898
2021-08-26,16636.900390625,0.00013525983096518424,1.3656392686743257
2021-08-27,16705.19921875,0.004105261588480014,1.3712455751077344
2021-08-30,16931.05078125,0.013519836521704187,1.3897845911143012
2021-08-31,17132.19921875,0.011880446175423387,1.4062958521444675
2021-09-01,17076.25,-0.00326573477436376,1.4017032628770758
2021-09-02,17234.150390625,0.009246783727399066,1.4146645097988897
2021-09-03,17323.599609375,0.005190230833697296,1.4220069451569852
2021-09-06,17377.80078125,0.0031287476677577253,1.4264560460701805
2021-09-07,17362.099609375,-0.0009035189246697772,1.4251672160373465
2021-09-08,17353.5,-0.0004953092983268625,1.4244613174635725
2021-09-09,17369.25,0.0009075978909154347,1.4257541555509932
2021-09-13,17355.30078125,-0.000803098507419775,1.4246091345167227
2021-09-14,17380.0,0.001423151293159064,1.4266365688487563
2021-09-15,17519.44921875,0.00802354538262362,1.4380832521034248
2021-09-16,17629.5,0.006281634763507293,1.4471167658526554
2021-09-17,17585.150390625,-0.002515647600612625,1.443476330032832
2021-09-20,17396.900390625,-0.010705054879733056,1.4280238367022349
2021-09-21,17562.0,0.00949017386246398,1.441576031192282
2021-09-22,17546.650390625,-0.0008740239935656202,1.4403160591524709
2021-09-23,17822.94921875,0.015746528367181822,1.4629960368356227
2021-09-24,17853.19921875,0.0016972499684944076,1.4654791068130495
2021-09-27,17855.099609375,0.00010644538279747096,1.4656351002975558
2021-09-28,17748.599609375,-0.0059646824901542495,1.4568930522778556
2021-09-29,17711.30078125,-0.0021015082285871234,1.4538313795403224
2021-09-30,17618.150390625,-0.005259376020738893,1.4461851336445704
2021-10-01,17532.05078125,-0.004886983449795879,1.4391176508311085
2021-10-04,17691.25,0.009080467581137563,1.4521855120049232
2021-10-05,17822.30078125,0.007407660919946268,1.4629428098707142
2021-10-06,17646.0,-0.009892144870289554,1.4484711676585247
2021-10-07,17790.349609375,0.008180302016037588,1.460320099271494
2021-10-08,17895.19921875,0.005893622760496431,1.468926675046171
2021-10-11,17945.94921875,0.0028359561343596074,1.4730924866611925
2021-10-12,17991.94921875,0.0025632525445875576,1.4768683947260397
2021-10-13,18161.75,0.00943759784921161,1.4908064847116749
2021-10-14,18338.55078125,0.009734787740718787,1.50531916940283
2021-10-18,18477.05078125,0.007552396132719963,1.5166879360763372
2021-10-19,18418.75,-0.003155307734996393,1.5119023189000598
2021-10-20,18266.599609375,-0.008260625212080042,1.4994130604863516
2021-10-21,18178.099609375,-0.004844908296702255,1.4921485417094176
2021-10-22,18114.900390625,-0.003476668084567369,1.4869608364970226
2021-10-25,18125.400390625,0.000579633328010587,1.4878227285553027
2021-10-26,18268.400390625,0.007889480889700096,1.4995608775395013
2021-10-27,18210.94921875,-0.0031448386638428527,1.494845000513029
2021-10-28,17857.25,-0.0194223384240636,1.4658116150215454
2021-10-29,17671.650390625,-0.010393515763905459,1.4505766788939032
2021-11-01,17929.650390625,0.014599655057507821,1.4717545980402194
2021-11-02,17888.94921875,-0.002270048271341696,1.468413644059099
2021-11-03,17829.19921875,-0.0033400508475575075,1.4635090678226943
2021-11-04,17916.80078125,0.004913376165984751,1.470699838395237
2021-11-08,18068.55078125,0.008469704042186388,1.483156230761336
2021-11-09,18044.25,-0.001344921435271762,1.4811615021547282
2021-11-10,18017.19921875,-0.0014991358050348014,1.478941039913809
2021-11-11,17873.599609375,-0.007970140510272006,1.4671536720192881
2021-11-12,18102.75,0.012820606684330382,1.4859634721937185
2021-11-15,18109.44921875,0.0003700663573213969,1.486513377282986
2021-11-16,17999.19921875,-0.006087981951756416,1.4774635106710425
2021-11-17,17898.650390625,-0.005586294529162039,1.4692099643443444
2021-11-18,17764.80078125,-0.007478195643460861,1.4582229247896552
2021-11-22,17416.55078125,-0.019603372100156835,1.4296368381900246
2021-11-23,17503.349609375,0.004983697932798847,1.4367617163451654
2021-11-24,17415.05078125,-0.0050446817378146935,1.4295137107531277
2021-11-25,17536.25,0.006959452503032093,1.4394623435255474
2021-11-26,17026.44921875,-0.029071254187753914,1.3976153678432162
2021-11-29,17053.94921875,0.0016151341742889347,1.399872704186331
2021-11-30,16983.19921875,-0.004148599194972014,1.3940651934126804
2021-12-01,17166.900390625,0.01081664117042136,1.4091442963779994
2021-12-02,17401.650390625,0.013674571102433752,1.4284137402524093
2021-12-03,17196.69921875,-0.01177768586739425,1.4115903319310468
2021-12-06,16912.25,-0.01654091957599968,1.3882413297763165
2021-12-07,17176.69921875,0.015636548581649423,1.4099486327724176
2021-12-08,17469.75,0.017060948527881648,1.4340036938231049
2021-12-09,17516.849609375,0.002696066593683266,1.4378698632772398
2021-12-10,17511.30078125,-0.00031677089480919296,1.4374143879540302
2021-12-13,17368.25,-0.008169055116863166,1.4256720705930617
2021-12-14,17324.900390625,-0.002495911181322197,1.4221137197311697
2021-12-15,17221.400390625,-0.005974060321640162,1.4136179265852638
2021-12-16,17248.400390625,0.0015678167505297491,1.4158342204494132
2021-12-17,16985.19921875,-0.01525945397337003,1.3942293633285432
2021-12-20,16614.19921875,-0.021842546279377872,1.363775843935972
2021-12-21,16770.849609375,0.00942870544420904,1.3766344846603717
2021-12-22,16955.44921875,0.011007170994593363,1.3917873358300823
2021-12-23,17072.599609375,0.006909306212627531,1.4014036207161893
2021-12-24,17003.75,-0.004032754879180422,1.395752103427045
2021-12-27,17086.25,0.004851870910828504,1.4025241124563903
2021-12-28,17233.25,0.008603409174043453,1.4145906012723148
2021-12-29,17213.599609375,-0.0011402602889762914,1.4129775997845249
2021-12-30,17203.94921875,-0.0005606259494814747,1.4121854478760496
2021-12-31,17354.05078125,0.008724831757606522,1.4245065283193084
2022-01-03,17625.69921875,0.015653315812207858,1.4468047788836422
2022-01-04,17805.25,0.01018687423526421,1.461543197209109
2022-01-05,17925.25,0.0067395852346920915,1.4713933921608842
2022-01-06,17745.900390625,-0.010005417462796928,1.4566714870203137
2022-01-07,17812.69921875,0.003764183651131514,1.462154666016825
2022-01-10,18003.30078125,0.010700318921871732,1.4778001872563078
2022-01-11,18055.75,0.002913311252602302,1.4821054791709394
2022-01-12,18212.349609375,0.008673115731830494,1.494959951518569
2022-01-13,18257.80078125,0.0024956237305924223,1.498690809049864
2022-01-14,18255.75,-0.00011232356375068253,1.498522470757231
2022-01-17,18308.099609375,0.0028675682661627455,1.5028195862405063
2022-01-18,18113.05078125,-0.010653690567923424,1.4868090113892851
2022-01-19,17938.400390625,-0.00964224043394124,1.472472841422119
2022-01-20,17757.0,-0.010112406160797005,1.4575825979889159
2022-01-21,17617.150390625,-0.007875745304668613,1.446103048686638
2022-01-24,17149.099609375,-0.02656790518738339,1.4076831199979454
2022-01-25,17277.94921875,0.007513491221694313,1.4182597347629773
2022-01-27,17110.150390625,-0.00971173291462768,1.4044859750153886
2022-01-28,17101.94921875,-0.0004793161771092791,1.4038127821670408
2022-01-31,17339.849609375,0.0139107178709299,1.4233408257233717
2022-02-01,17576.849609375,0.013667938611870323,1.4427949607531276
2022-02-02,17780.0,0.011557838585399605,1.4594705520213402
2022-02-03,17560.19921875,-0.012362248664229525,1.4414282141391321
2022-02-04,17516.30078125,-0.0024998826581151823,1.4378248127436877
2022-02-07,17213.599609375,-0.017281112927623465,1.4129775997845249
2022-02-08,17266.75,0.0030876976246183574,1.4173404473630185
2022-02-09,17463.80078125,0.01141215233034587,1.4335153524522857
2022-02-10,17605.849609375,0.008133901085124018,1.4451754245331392
2022-02-11,17374.75,-0.01312629691281364,1.4262056228196156
2022-02-14,16842.80078125,-0.03061622289529342,1.3825405935768496
2022-02-15,17352.44921875,0.03025912638397754,1.4243750641288708
2022-02-16,17322.19921875,-0.0017432697608654735,1.421891994151444
2022-02-17,17304.599609375,-0.001016014719190439,1.420447330956287
2022-02-18,17276.30078125,-0.0016353356196504576,1.4181244228401368
2022-02-21,17206.650390625,-0.004031556958107085,1.4124071734557742
2022-02-22,17092.19921875,-0.006651566067580439,1.4030124538272086
2022-02-23,17063.25,-0.0016937094155936583,1.4006361584239664
2022-02-24,16247.9501953125,-0.04778103847083648,1.3337123082546662
2022-02-25,16658.400390625,0.025261660109649586,1.3674040952698518
2022-02-28,16793.900390625,0.008134034290366632,1.3785266070695645
2022-03-02,16605.94921875,-0.011191633122935585,1.3630986430330367
2022-03-03,16498.05078125,-0.00649757722841704,1.354241804329979
2022-03-04,16245.349609375,-0.015317032007332254,1.3334988392673894
2022-03-07,15863.150390625,-0.02352668473994779,1.3021260324748594
2022-03-08,16013.4501953125,0.009474776509483585,1.3144633856197392
2022-03-09,16345.349609375,0.020726290088294297,1.3417073350605353
2022-03-10,16594.900390625,0.01526738719047449,1.362191700441204
2022-03-11,16630.44921875,0.0021421537513466316,1.3651097245023573
2022-03-14,16871.30078125,0.014482565042708062,1.384880014877896
2022-03-15,16663.0,-0.012346456503312231,1.3677816540118997
2022-03-16,16975.349609375,0.018745100484606647,1.3934208585573542
2022-03-17,17287.05078125,0.018361988356508263,1.4190068361379
2022-03-21,17117.599609375,-0.009802202470463706,1.4050974438231043
2022-03-22,17315.5,0.011561223252155806,1.4213420890621766
2022-03-23,17245.650390625,-0.0040339354552280104,1.4156084868151009
2022-03-24,17222.75,-0.0013278937068936791,1.4137287092140338
2022-03-25,17153.0,-0.004049875890900112,1.4080032833983145
2022-03-28,17222.0,0.004022619949862971,1.4136671454955851
2022-03-29,17325.30078125,0.005998187274997013,1.422146585778778
2022-03-30,17498.25,0.009982465582194733,1.4363431151241504
2022-03-31,17464.75,-0.001914477162001882,1.4335932690334465
2022-04-01,17670.44921875,0.011777965258592316,1.4504780807510742
2022-04-04,18053.400390625,0.021671841339984343,1.4819126115842365
2022-04-05,17957.400390625,-0.005317557796472028,1.4740324556228166
2022-04-06,17807.650390625,-0.008339180323571727,1.4617402331725806
2022-04-07,17639.55078125,-0.00943974110495216,1.447941783808739
2022-04-08,17784.349609375,0.008208759390795572,1.4598275895239041
2022-04-11,17674.94921875,-0.006151497975913078,1.4508474630617658
2022-04-12,17530.30078125,-0.008183810641252287,1.438974002154727
2022-04-13,17475.650390625,-0.0031174816283502382,1.434488027139336
2022-04-18,17173.650390625,-0.017281188010147552,1.4096983698440355
2022-04-19,16958.650390625,-0.012519178806467801,1.3920501038887718
2022-04-20,17136.55078125,0.010490244596548015,1.4066530499692151
2022-04-21,17392.599609375,0.014941678252146096,1.4276708072542552
2022-04-22,17171.94921875,-0.012686452605167986,1.4095587292222422
2022-04-25,16953.94921875,-0.012695122564301942,1.3916642083931843
2022-04-26,17200.80078125,0.014560121616207233,1.4119270085163118
2022-04-27,17038.400390625,-0.009441443610115341,1.3985963792838063
2022-04-28,17245.05078125,0.012128508890934642,1.415559267904779
2022-04-29,17102.55078125,-0.008263240381694681,1.4038621613995461
2022-05-02,17069.099609375,-0.0019559171203674675,1.4011163233634287
2022-05-04,16677.599609375,-0.022936183451936376,1.3689800623332624
2022-05-05,16682.650390625,0.00030284821366977077,1.3693946554996896
2022-05-06,16411.25,-0.0162684216398562,1.347116765852655
2022-05-09,16301.849609375,-0.006666182687180999,1.3381366393905167
2022-05-10,16240.0498046875,-0.003790968888092272,1.333063805022571
2022-05-11,16167.099609375,-0.0044919933245182175,1.3270756913092527
2022-05-12,15808.0,-0.022211752141785834,1.2975990149805026
2022-05-13,15782.150390625,-0.0016352232651188903,1.295477150882411
2022-05-16,15842.2998046875,0.0038112305721171857,1.3004145130053333
2022-05-17,16259.2998046875,0.026321935902047233,1.3346439404627517
2022-05-18,16240.2998046875,-0.0011685620062508173,1.333084326262054
2022-05-19,15809.400390625,-0.026532725334179386,1.2977139659860433
2022-05-20,16266.150390625,0.028891038794289337,1.335206270521237
2022-05-23,16214.7001953125,-0.0031630222318707046,1.3309829834034452
2022-05-24,16125.150390625,-0.005522754266735541,1.3236322914529015
2022-05-25,16025.7998046875,-0.006161219184365629,1.3154771027857561
2022-05-26,16170.150390625,0.009007387318995308,1.3273261145598172
2022-05-27,16352.4501953125,0.011273847198922216,1.3422901863585037
2022-05-30,16661.400390625,0.018893205092962884,1.3676503501436463
2022-05-31,16584.55078125,-0.004612433983534836,1.3613421531910506
2022-06-01,16522.75,-0.0037264067061659745,1.356269238662013
2022-06-02,16628.0,0.006370004993115463,1.364908680484299
2022-06-03,16584.30078125,-0.002628050201467391,1.3613216319515675
2022-06-06,16569.55078125,-0.0008893953501298846,1.3601108788220786
2022-06-07,16416.349609375,-0.009245946006475991,1.347535367073669
2022-06-08,16356.25,-0.0036609606157923524,1.3426020931664249
2022-06-09,16478.099609375,0.00744972774168895,1.3526041132259365
2022-06-10,16201.7998046875,-0.016767698414100085,1.3299240553816927
2022-06-13,15774.400390625,-0.026379749115209128,1.294840992458442
2022-06-14,15732.099609375,-0.00268160945598539,1.291368734609068
2022-06-15,15692.150390625,-0.0025393443813560568,1.2880895046685796
2022-06-16,15360.599609375,-0.021128447854290244,1.260874172737531
2022-06-17,15293.5,-0.00436829362663993,1.2553663041247667
2022-06-20,15350.150390625,0.0037042135956451006,1.2600164490560204
2022-06-21,15638.7998046875,0.018804337854487096,1.283710224066281
2022-06-22,15413.2998046875,-0.014419265085317434,1.265200066052737
2022-06-23,15556.650390625,0.009300447519609234,1.2769669928688665
2022-06-24,15699.25,0.009166472588529428,1.2886722758054558
2022-06-27,15832.0498046875,0.008458990377725017,1.2995731421865353
2022-06-28,15850.2001953125,0.0011464333961117568,1.301063016237428
2022-06-29,15799.099609375,-0.0032239710103227903,1.2968684267904753
2022-06-30,15780.25,-0.001193081241402827,1.295321157397904
2022-07-01,15752.0498046875,-0.0017870563085186086,1.2930063455520184
2022-07-04,15835.349609375,0.005288188249805481,1.2998440065154906
2022-07-05,15810.849609375,-0.0015471713984448465,1.2978329250461698
2022-07-06,15989.7998046875,0.011318189707300252,1.3125220443002228
2022-07-07,16132.900390625,0.00894949203151052,1.3242684498768695
2022-07-08,16220.599609375,0.005436047866567373,1.3314672365585851
2022-07-11,16216.0,-0.00028356592763323363,1.331089677816537
2022-07-12,16058.2998046875,-0.0097249750439381,1.3181448639185276
2022-07-13,15966.650390625,-0.005707292501522909,1.3106218256207645
2022-07-14,15938.650390625,-0.0017536552323109689,1.3083234467986837
2022-07-15,16049.2001953125,0.0069359576863876615,1.3173979228657882
2022-07-18,16278.5,0.014287304158276504,1.3362199876872534
2022-07-19,16340.5498046875,0.003811764271124396,1.341313343294682
2022-07-20,16520.849609375,0.01103388850696918,1.3561132451775055
2022-07-21,16605.25,0.005108719746296009,1.3630412476913574
2022-07-22,16719.44921875,0.006877295960614926,1.3724152857582568
2022-07-25,16631.0,-0.005290199311757782,1.3651549353580925
2022-07-26,16483.849609375,-0.00884795806776506,1.3530761017340416
2022-07-27,16641.80078125,0.0095821774414373,1.3660415170326254
2022-07-28,16929.599609375,0.017293731123692924,1.3896654717319892
2022-07-29,17158.25,0.013505953826479233,1.4084342294274539
2022-08-01,17340.05078125,0.010595531668439406,1.4233573389082665
2022-08-02,17345.44921875,0.000311327663805816,1.4238004694233497
2022-08-03,17388.150390625,0.002461808358865669,1.427305593320333
2022-08-04,17382.0,-0.0003537116074355806,1.4268007387646178
2022-08-05,17397.5,0.0008917270739845495,1.4280730556125554
2022-08-08,17525.099609375,0.007334364671648164,1.4385470641801728
2022-08-10,17534.75,0.0005506610997998429,1.439339216088648
2022-08-11,17659.0,0.007085929368824795,1.4495382721116319
2022-08-12,17698.150390625,0.0022170219505635025,1.4527519302790852
2022-08-16,17825.25,0.007181519343531395,1.463184896367737
2022-08-17,17944.25,0.006675923198833145,1.4729530063615806
2022-08-18,17956.5,0.0006826699360520383,1.473958547096241
2022-08-19,17758.44921875,-0.011029475746944017,1.4577015570490421
2022-08-22,17490.69921875,-0.0150773300473388,1.435723309562894
2022-08-23,17577.5,0.00496268217550444,1.442848348040218
2022-08-24,17604.94921875,0.001561611079505143,1.4451015160065634
2022-08-25,17522.44921875,-0.004686182219266755,1.438329506977218
2022-08-26,17558.900390625,0.002080255529346653,1.4413215998871298
2022-08-29,17312.900390625,-0.014009988924553851,1.421128700235991
2022-08-30,17759.30078125,0.02578426378902554,1.4577714575210308
2022-09-01,17542.80078125,-0.012190795272107646,1.44000006412887
2022-09-02,17539.44921875,-0.0001910505934481499,1.4397249512620527
2022-09-05,17665.80078125,0.007203850071011875,1.4500965139544395
2022-09-06,17655.599609375,-0.0005774531254664206,1.4492591511902286
2022-09-07,17624.400390625,-0.0017671004916441913,1.4466981646316406
2022-09-08,17798.75,0.009892512965589573,1.4610096449825538
2022-09-09,17833.349609375,0.0019439347917691308,1.4638497524625456
2022-09-12,17936.349609375,0.005775695663245095,1.472304503129486
2022-09-13,18070.05078125,0.007454201929980142,1.4832793581982322
2022-09-14,18003.75,-0.0036690976717561608,1.477837061358503
2022-09-15,17877.400390625,-0.007017960667916379,1.4674656589883
2022-09-16,17530.849609375,-0.019384853148544656,1.4390190526882793
2022-09-19,17622.25,0.0052136885924867205,1.4465216499076512
2022-09-20,17816.25,0.011008809885230342,1.4624461317463542
2022-09-21,17718.349609375,-0.005495005437451739,1.4544099823004277
2022-09-22,17629.80078125,-0.004997577656902563,1.447141455468907
2022-09-23,17327.349609375,-0.017155677232420508,1.4223147637492273
2022-09-26,17016.30078125,-0.017951321762256445,1.3967823337779572
2022-09-27,17007.400390625,-0.0005230508522044985,1.3960517455879304
2022-09-28,16858.599609375,-0.00874917846539458,1.383837439718856
2022-09-29,16818.099609375,-0.0024023347691036756,1.380512998922632
2022-09-30,17094.349609375,0.01642575596626905,1.4031889685511973
2022-10-03,16887.349609375,-0.012109264448790458,1.3861973822593854
2022-10-04,17274.30078125,0.02291367093271912,1.4179602529242736
2022-10-06,17331.80078125,0.0033286441360573793,1.4226801380053324
2022-10-07,17314.650390625,-0.0009895331040011834,1.421272348912371
2022-10-10,17241.0,-0.00425364584114718,1.4152267596962824
2022-10-11,16983.55078125,-0.014932383199930399,1.3940940514057016
2022-10-12,17123.599609375,0.008246145339619648,1.4055899535706922
2022-10-13,17014.349609375,-0.006380083772817624,1.3966221719166803
2022-10-14,17185.69921875,0.010070888003887335,1.410687397393799
2022-10-17,17311.80078125,0.007337586960815656,1.4210384388467028
2022-10-18,17486.94921875,0.010117285874136073,1.435415490970651
2022-10-19,17512.25,0.0014468379208691928,1.4374923045351904
2022-10-20,17563.94921875,0.0029521745492440132,1.4417360327313733
2022-10-21,17576.30078125,0.0007032337856462956,1.4427499102195736
2022-10-24,17730.75,0.008787356376761757,1.455427867843214
2022-10-25,17656.349609375,-0.004196122026705051,1.4493207149086766
2022-10-27,17736.94921875,0.004564907874966551,1.4559367304535153
2022-10-28,17786.80078125,0.002810605244745412,1.4600287938641454
2022-10-31,18012.19921875,0.012672230395564199,1.4785306151241495
2022-11-01,18145.400390625,0.007395053222392978,1.48946442771393
2022-11-02,18082.849609375,-0.003447197631545107,1.4843299494664437
2022-11-03,18052.69921875,-0.0016673473084335422,1.4818550559203736
2022-11-04,18117.150390625,0.003570168155688336,1.4871455276523662
2022-11-07,18202.80078125,0.004727586225111935,1.4941761363636323
2022-11-09,18157.0,-0.002516139235956394,1.490416581161498
2022-11-10,18028.19921875,-0.007093725904609771,1.4798439744510528
2022-11-11,18349.69921875,0.017833173247033374,1.506234288426017
2022-11-14,18329.150390625,-0.0011198455015547504,1.5045475387338356
2022-11-15,18403.400390625,0.004050924260950772,1.5106423468602463
2022-11-16,18409.650390625,0.0003396111515991951,1.5111553778473181
2022-11-17,18343.900390625,-0.00357149639481924,1.5057582918633248
2022-11-18,18307.650390625,-0.00197613371355454,1.5027827121383093
2022-11-21,18159.94921875,-0.008067729540576885,1.4906586676585227
2022-11-22,18244.19921875,0.00463933015368867,1.4975743253642484
2022-11-23,18267.25,0.0012634580983039712,1.499466447773442
2022-11-24,18484.099609375,0.011870949889830174,1.5172665388364424
2022-11-25,18512.75,0.0015500019600884762,1.5196183049456156
2022-11-28,18562.75,0.0027008413120686026,1.5237225528421883
2022-11-29,18618.05078125,0.00297912654375021,1.5282619151446712
2022-11-30,18758.349609375,0.007535634625419174,1.5397783385491448
2022-12-01,18812.5,0.002886735334004964,1.5442232710855701
2022-12-02,18696.099609375,-0.006187396179402005,1.5346685499179116
2022-12-05,18701.05078125,0.00026482378562620035,1.5350749666529824
2022-12-06,18642.75,-0.0031175136590962937,1.530289349476705
2022-12-07,18560.5,-0.004411902750398933,1.5235378616868425
2022-12-08,18609.349609375,0.002631912360927746,1.5275476798173575
2022-12-09,18496.599609375,-0.006058782405979346,1.5182926008105855
2022-12-12,18497.150390625,2.977743269738653e-05,1.518337811666321
2022-12-13,18608.0,0.0059927938646799905,1.5274368971885868
2022-12-14,18660.30078125,0.002810661073194387,1.5317300046172755
2022-12-15,18414.900390625,-0.013150934355333654,1.5115863238764589
2022-12-16,18269.0,-0.00792295301794177,1.4996100964498225
2022-12-19,18420.44921875,0.008289956688926514,1.5120417991996684
2022-12-20,18385.30078125,-0.0019081205394395617,1.5091566411861244
2022-12-21,18199.099609375,-0.01012771964355863,1.4938723258259767
2022-12-22,18127.349609375,-0.003942502735851727,1.4879827300943946
2022-12-23,17806.80078125,-0.01768316025411787,1.4616704930227757
2022-12-26,18014.599609375,0.011669632893506865,1.4787276510876228
2022-12-27,18132.30078125,0.006533654614990558,1.4883891468294657
2022-12-28,18122.5,-0.0005405150382313817,1.487584650112864
2022-12-29,18191.0,0.00377983170092433,1.493207469731169
2022-12-30,18105.30078125,-0.00471107793689185,1.4861728529653164
2023-01-02,18197.44921875,0.005089583355357918,1.4937368535809534
2023-01-03,18232.55078125,0.00192892762485819,1.4966181638620946
2023-01-04,18042.94921875,-0.010399069487028845,1.481054727580543
2023-01-05,17992.150390625,-0.0028154392892826285,1.476884907910935
2023-01-06,17859.44921875,-0.007375503705446151,1.4659921378001204
2023-01-09,18101.19921875,0.013536251708490266,1.4858361763800505
2023-01-10,17914.150390625,-0.010333504750958511,1.4704822811922813
2023-01-11,17895.69921875,-0.0010299775022909463,1.4689677175251359
2023-01-12,17858.19921875,-0.00209547554088918,1.465889531602706
2023-01-13,17956.599609375,0.005510095918388247,1.4739667235275982
2023-01-16,17894.849609375,-0.003438847072569362,1.4688979773753306
2023-01-17,18053.30078125,0.008854568511824201,1.4819044351528805
2023-01-18,18165.349609375,0.006206556323560042,1.4911019584957903
2023-01-19,18107.849609375,-0.003165367099256078,1.4863820734147315
2023-01-20,18027.650390625,-0.004428975305189153,1.4797989239175018
2023-01-23,18118.55078125,0.005042276095628795,1.4872604786579082
2023-01-24,18118.30078125,-1.3798013043020418e-05,1.4872399574184254
2023-01-25,17891.94921875,-0.01249297962501228,1.468659898932893
2023-01-27,17604.349609375,-0.016074246906178757,1.445052297096242
2023-01-30,17648.94921875,0.0025334426073457816,1.4487132541555485
2023-01-31,17662.150390625,0.0007479862801675896,1.4497968717935539
2023-02-01,17616.30078125,-0.0025959245256645946,1.446033308536833
2023-02-02,17610.400390625,-0.0003349392530399564,1.4455489752206008
2023-02-03,17854.05078125,0.013835596307890219,1.4655490072850375
2023-02-06,17764.599609375,-0.005010133160870178,1.4582064116047584
2023-02-07,17721.5,-0.0024261514654264627,1.4546685819823493
2023-02-08,17871.69921875,0.008475536424681795,1.466997678534781
2023-02-09,17893.44921875,0.0012170079483646568,1.4687830263697903
2023-02-10,17856.5,-0.0020649578680046465,1.4657500513030963
2023-02-13,17770.900390625,-0.00479375070002519,1.4587236109686001
2023-02-14,17929.849609375,0.0089443537049958,1.471770950902932
2023-02-15,18015.849609375,0.004796470794436125,1.4788302572850374
2023-02-16,18035.849609375,0.0011101336008929596,1.4804719564436666
2023-02-17,17944.19921875,-0.005081567689351307,1.4729488379848117
2023-02-20,17844.599609375,-0.005550518480140765,1.464773208239275
2023-02-21,17826.69921875,-0.001003126492992057,1.4633038554278652
2023-02-22,17554.30078125,-0.015280363131582653,1.4409440411450825
2023-02-23,17511.25,-0.002452434977984641,1.4374102195772598
2023-02-24,17465.80078125,-0.002595429723749043,1.4336795223681482
2023-02-27,17392.69921875,-0.004185411445805309,1.4276789836856119
2023-02-28,17303.94921875,-0.0051027157362857345,1.4203939436691948
2023-03-01,17450.900390625,0.008492348770636093,1.432456424430533
2023-03-02,17321.900390625,-0.007392168719804415,1.4218674648573746
2023-03-03,17594.349609375,0.015728598629827895,1.4442314475169271
2023-03-06,17711.44921875,0.006655523618366965,1.4538435640262644
2023-03-08,17754.400390625,0.0024250512391459367,1.4573692091627306
2023-03-09,17589.599609375,-0.009282249899975281,1.443841543966753
2023-03-10,17412.900390625,-0.010045664635585094,1.4293371960291374
2023-03-13,17154.30078125,-0.014851035931626178,1.408110057972499
2023-03-14,17043.30078125,-0.006470680525861194,1.3989986276421071
2023-03-15,16972.150390625,-0.004174683738684903,1.393158250820847
2023-03-16,16985.599609375,0.0007924286811309411,1.3942622293761517
2023-03-17,17100.05078125,0.006738129621978839,1.4036569490047175
2023-03-20,16988.400390625,-0.0065292432199922645,1.3944921313872334
2023-03-21,17107.5,0.007010642946744028,1.4042684178124334
2023-03-22,17151.900390625,0.0025953757489405316,1.4079130220090268
2023-03-23,17076.900390625,-0.004372693304643627,1.4017566501641674
2023-03-24,16945.05078125,-0.007720933328590696,1.3909337805253412
2023-03-27,16985.69921875,0.0023988383407489433,1.3942704058075084
2023-03-28,16951.69921875,-0.002001683861354908,1.3914795172378387
2023-03-29,17080.69921875,0.007609856589321451,1.402068476810997
2023-03-31,17359.75,0.016337198944623932,1.424974348450644
2023-04-03,17398.05078125,0.002206297973761151,1.4281182664682923
2023-04-05,17557.05078125,0.009138954817361267,1.4411697747793943
2023-04-06,17599.150390625,0.002397874785437182,1.444625519443872
2023-04-10,17624.05078125,0.0014148632219350699,1.446669466960802
2023-04-11,17722.30078125,0.005574768321964241,1.454734314077568
2023-04-12,17812.400390625,0.005083967961446945,1.4621301367227557
2023-04-13,17828.0,0.0008757724412713497,1.4634106300020497
2023-04-17,17706.849609375,-0.006795512150830185,1.4534660052842168
2023-04-18,17660.150390625,-0.0026373533282438855,1.449632701877691
2023-04-19,17618.75,-0.002344283016240789,1.446234352554892
2023-04-20,17624.44921875,0.0003234746363958152,1.4467021726862277
2023-04-21,17624.05078125,-2.260708945023282e-05,1.446669466960802
2023-04-24,17743.400390625,0.006771973756565242,1.4564662746254848
2023-04-25,17769.25,0.0014568576938982503,1.4585881387235764
2023-04-26,17813.599609375,0.0024958627615121465,1.4622285745433998
2023-04-27,17915.05078125,0.005695152810193838,1.4705561897188564
2023-04-28,18065.0,0.008370013603697934,1.4828647650318054
2023-05-02,18147.650390625,0.004575166931912511,1.489649118869277
2023-05-03,18089.849609375,-0.00318502836487633,1.4849045441719655
2023-05-04,18255.80078125,0.009173717607303677,1.498526639134001
2023-05-05,18069.0,-0.010232406865540389,1.4831931048635312
2023-05-08,18264.400390625,0.010814123118324304,1.499232537707775
2023-05-09,18265.94921875,8.480038171931881e-05,1.4993596731992587
2023-05-10,18315.099609375,0.0026908205008338015,1.5033941809460267
2023-05-11,18297.0,-0.0009882342854272697,1.501908475271904
2023-05-12,18314.80078125,0.0009728797753729701,1.5033696516519575
2023-05-15,18398.849609375,0.004589120522186851,1.5102687961727863
2023-05-16,18286.5,-0.006106338807060685,1.5010465832136235
2023-05-17,18181.75,-0.005728269488420423,1.4924481838703032
2023-05-18,18129.94921875,-0.002849053652701161,1.4881961189205803
2023-05-19,18203.400390625,0.0040513721791914925,1.494225355273956
2023-05-22,18314.400390625,0.006097761825706316,1.503336785604348
2023-05-23,18348.0,0.001834600568861644,1.5060948081264085
2023-05-24,18285.400390625,-0.0034117947119577385,1.5009563218243358
2023-05-25,18321.150390625,0.001955111686716471,1.5038908590703854
2023-05-26,18499.349609375,0.009726420827874671,1.518518334444898
2023-05-29,18598.650390625,0.005367798508963517,1.5266694348963652
2023-05-30,18633.849609375,0.0018925684396833287,1.5295587612866792
2023-05-31,18534.400390625,-0.0053370195013254795,1.521395476349269
2023-06-01,18487.75,-0.0025169624936233204,1.5175661809973298
2023-06-02,18534.099609375,0.002507044360454902,1.5213707867330162
2023-06-05,18593.849609375,0.003223787573137793,1.526275362969421
2023-06-06,18599.0,0.00027699431442118616,1.5266981325672047
2023-06-07,18726.400390625,0.006849851638528914,1.5371557882721092
2023-06-08,18634.55078125,-0.0049048192636628185,1.5296163169505415
2023-06-09,18563.400390625,-0.00381819725413457,1.5237759401292814
2023-06-12,18601.5,0.0020524046550352004,1.5269033449620333
2023-06-13,18716.150390625,0.0061635024393194016,1.5363144174533117
2023-06-14,18755.900390625,0.0021238341844009856,1.539577294531087
2023-06-15,18688.099609375,-0.0036149041015322014,1.5340118702544607
2023-06-16,18826.0,0.0073790483520230765,1.5453314180176458
2023-06-19,18755.44921875,-0.0037475183921172883,1.539540260106708
2023-06-20,18816.69921875,0.003265717567498605,1.5445679637800098
2023-06-21,18856.849609375,0.0021337637466720683,1.5478637069053947
2023-06-22,18771.25,-0.004539443817404343,1.5408372665708985
2023-06-23,18665.5,-0.005633615236065759,1.5321567822696467
2023-06-26,18691.19921875,0.0013768299134766515,1.5342663015596116
2023-06-27,18817.400390625,0.00675190341711196,1.5446255194438716
2023-06-28,18972.099609375,0.00822107281232487,1.5573239983069949
2023-06-30,19189.05078125,0.01143527476356887,1.575132426123535
2023-07-03,19322.55078125,0.00695709243369369,1.5860907680073848
2023-07-04,19389.0,0.003438946519135566,1.5915452493330569
2023-07-05,19398.5,0.0004899685388621844,1.5923250564334057
2023-07-06,19497.30078125,0.00509321758125636,1.6004351144059075
2023-07-07,19331.80078125,-0.00848835445771845,1.5868500538682508
2023-07-10,19355.900390625,0.0012466303397029588,1.5888282692899622
2023-07-11,19439.400390625,0.004313930032438185,1.595682363277239
2023-07-12,19384.30078125,-0.002834429471475497,1.5911595141596524
2023-07-13,19413.75,0.0015192303855748879,1.5935768520418603
2023-07-14,19564.5,0.007765114931427508,1.6059511594500278
2023-07-17,19711.44921875,0.007511013251041421,1.6180134798891823
2023-07-18,19749.25,0.001917706853032497,1.6211163554278647
2023-07-19,19833.150390625,0.004248282371482448,1.6280033154627507
2023-07-20,19979.150390625,0.007361412439498949,1.6399877193207437
2023-07-21,19745.0,-0.011719737128305097,1.620767494356656
2023-07-24,19672.349609375,-0.0036794322929856182,1.6148039900984987
2023-07-25,19680.599609375,0.0004193703428323481,1.6154811910014333
2023-07-26,19778.30078125,0.004964339187534694,1.623500987584647
2023-07-27,19659.900390625,-0.0059863783008722304,1.6137820965011256
2023-07-28,19646.05078125,-0.0007044597937843067,1.6126452518982115
2023-07-31,19753.80078125,0.005484562836559181,1.621489906115326
2023-08-01,19733.55078125,-0.0010251191770254131,1.619827685717214
2023-08-02,19526.55078125,-0.010489749274959825,1.602836099425402
2023-08-03,19381.650390625,-0.007420685416911321,1.590941956956697
2023-08-04,19517.0,0.006983389270114548,1.6020521239482834
2023-08-07,19597.30078125,0.004114401867602702,1.608643610199053
2023-08-08,19570.849609375,-0.0013497354646058168,1.606472366868456
2023-08-09,19632.55078125,0.003152707884763739,1.6115371049661371
2023-08-10,19543.099609375,-0.004556268458015711,1.604194509285858
2023-08-11,19428.30078125,-0.005874136161590715,1.5947712523086368
2023-08-14,19434.55078125,0.00032169565781225984,1.5952842832957084
2023-08-16,19465.0,0.0015667570139761278,1.5977837061358477
2023-08-17,19365.25,-0.005124582584125403,1.5895957315821847
2023-08-18,19310.150390625,-0.0028452826260957353,1.5850728824645979
2023-08-21,19393.599609375,0.0043215209131937105,1.591922808075105
2023-08-22,19396.44921875,0.00014693555773015454,1.5921567181407728
2023-08-23,19444.0,0.0024515199000461063,1.596059922019287
2023-08-24,19386.69921875,-0.002946964680621278,1.591356389800941
2023-08-25,19265.80078125,-0.006236153774081932,1.5814324466447744
2023-08-28,19306.05078125,0.002089194238900971,1.5847363662015157
2023-08-29,19342.650390625,0.0018957584743610756,1.5877406435973704
2023-08-30,19347.44921875,0.0002480956863764039,1.5881345552021315
2023-08-31,19253.80078125,-0.004840350603388277,1.5804474271495972
2023-09-01,19435.30078125,0.009426710188917609,1.5953458470141568
2023-09-04,19528.80078125,0.004810833701642592,1.603020790580748
2023-09-05,19574.900390625,0.0023605960187407238,1.6068048750769517
2023-09-06,19611.05078125,0.0018467726478093027,1.6097722783706105
2023-09-07,19727.05078125,0.005915032360780392,1.6192941334906599
2023-09-08,19819.94921875,0.004709190366575022,1.6269196978247455
2023-09-11,19996.349609375,0.008900143420050854,1.6413995164682915
2023-09-12,19993.19921875,-0.0001575482868895195,1.6411409167863706
2023-09-13,20070.0,0.003841345269944396,1.6474451056843802
2023-09-14,20103.099609375,0.001649208239910216,1.6501620857274746
2023-09-15,20192.349609375,0.004439613877174287,1.657488168222857
2023-09-18,20133.30078125,-0.002924316846098174,1.6526411476503144
2023-09-20,19901.400390625,-0.011518249945432046,1.6336056138415724
2023-09-21,19742.349609375,-0.007991939166498319,1.6205499371537004
2023-09-22,19674.25,-0.003449417659114995,1.6149599835830049
2023-09-25,19674.55078125,1.5288066889551644e-05,1.6149846731992579
2023-09-26,19664.69921875,-0.0005007261720755274,1.6141760081058862
2023-09-27,19716.44921875,0.002631619198663282,1.6184239046788393
2023-09-28,19523.55078125,-0.009783629666773708,1.6025898445516078
2023-09-29,19638.30078125,0.005877516917168757,1.6120090934742428
2023-10-03,19528.75,-0.005578424654468894,1.6030166222039781
2023-10-04,19436.099609375,-0.004744307271330683,1.5954114187871917
2023-10-05,19545.75,0.005641584105285702,1.6044120664888128
2023-10-06,19653.5,0.0055127073660514725,1.6132567207059276
2023-10-09,19512.349609375,-0.00718194675884698,1.6016703968294657
2023-10-10,19689.849609375,0.00909680297624016,1.6162404768622998
2023-10-11,19811.349609375,0.006170692128707245,1.626213799250972
2023-10-12,19794.0,-0.0008757409120068171,1.6247896572952978
2023-10-13,19751.05078125,-0.0021698099802970328,1.621264172481015
2023-10-16,19731.75,-0.0009772027556287366,1.6196798686640645
2023-10-17,19811.5,0.004041709427698992,1.6262261440590984
2023-10-18,19671.099609375,-0.007086812741337156,1.6147013839010849
2023-10-19,19624.69921875,-0.0023588102112444,1.6108926097886285
2023-10-20,19542.650390625,-0.004180896084593599,1.6041576351836624
2023-10-23,19281.75,-0.013350307425555652,1.5827416375949082
2023-10-25,19122.150390625,-0.008277236732921023,1.569640910373484
2023-10-26,18857.25,-0.013853064912347501,1.5478965729530039
2023-10-27,19047.25,0.010075700327460302,1.563492714959981
2023-10-30,19140.900390625,0.004916740769664862,1.5711800033346988
2023-10-31,19079.599609375,-0.0032026069828995363,1.566148131284627
2023-11-01,18989.150390625,-0.004740624572936891,1.5587236109686
2023-11-02,19133.25,0.007588523257266999,1.5705520213420865
2023-11-03,19230.599609375,0.005087980838331285,1.5785429599322776
2023-11-06,19411.75,0.00941990339899168,1.593412682125998
2023-11-07,19406.69921875,-0.000260191958478706,1.5929980889595707
2023-11-08,19443.5,0.0018962926582819506,1.5960188795403218
2023-11-09,19395.30078125,-0.002478937369815082,1.5920624486968988
2023-11-10,19425.349609375,0.001549283945833313,1.594529005489429
2023-11-13,19443.55078125,0.0009369804014345284,1.5960230479170914
2023-11-15,19675.44921875,0.011926753508604282,1.6150584214036499
2023-11-16,19765.19921875,0.004561522280999375,1.6224255463779982
2023-11-17,19731.80078125,-0.0016897597201204206,1.6196840370408343
2023-11-20,19694.0,-0.0019157289123818977,1.6165811615021517
2023-11-21,19783.400390625,0.0045394734754240496,1.623919588805661
2023-11-22,19811.849609375,0.0014380348265852216,1.6262548417299374
2023-11-23,19802.0,-0.0004971574875239915,1.6254463369587493
2023-11-24,19794.69921875,-0.00036868908443588033,1.6248470526369763
2023-11-28,19889.69921875,0.004799264638990497,1.6326451236404649
2023-11-29,20096.599609375,0.010402389113554511,1.6496285335009202
2023-11-30,20133.150390625,0.0018187545137213768,1.6526288028421885
2023-12-01,20267.900390625,0.0066929416105065975,1.6636897509234527
2023-12-04,20686.80078125,0.020668169003769332,1.6980751718653775
2023-12-05,20855.099609375,0.008135565760247543,1.711889974091932
2023-12-06,20937.69921875,0.003960643244200535,1.718670159552634
2023-12-07,20901.150390625,-0.0017455990623970186,1.7156700505335492
2023-12-08,20969.400390625,0.003265370504707432,1.7212723489123714
2023-12-11,20997.099609375,0.001320935183362959,1.7235460381181995
2023-12-12,20906.400390625,-0.004319607014175553,1.7161009965626897
2023-12-13,20926.349609375,0.0009542158562574343,1.717738527344549
2023-12-14,21182.69921875,0.012250087289956912,1.7387809742458418
2023-12-15,21456.650390625,0.012932779200891975,1.7612682446644752
2023-12-18,21418.650390625,-0.0017710126840955187,1.7581490162630797
2023-12-19,21453.099609375,0.0016083748565725031,1.7609767789349449
2023-12-20,21150.150390625,-0.01412146609423337,1.7361092050584828
2023-12-21,21255.05078125,0.004959794076523361,1.7447199492099295
2023-12-22,21349.400390625,0.004438926556610712,1.7524646329263258
2023-12-26,21441.349609375,0.004306875934107168,1.7600122806792502
2023-12-27,21654.75,0.0099527499207277,1.7775292427662603
2023-12-28,21778.69921875,0.005723881307796219,1.7877036091729912
2023-12-29,21731.400390625,-0.0021717930740454694,1.7838210868561433
2024-01-01,21741.900390625,0.00048317180721269004,1.7846829789144236
2024-01-02,21665.80078125,-0.003500136051024061,1.7784363456802763
2024-01-03,21517.349609375,-0.00685186637566948,1.766250737482041
2024-01-04,21658.599609375,0.006564470186349425,1.7778452377898597
2024-01-05,21710.80078125,0.002410182228605562,1.7821301687871918
2024-01-08,21513.0,-0.00911070868564301,1.7658936999794759
2024-01-09,21544.849609375,0.0014804820050666745,1.7685080738251562
2024-01-10,21618.69921875,0.0034277152411805734,1.7745700159039575
2024-01-11,21647.19921875,0.0013183031833516878,1.776909437205004
2024-01-12,21894.55078125,0.011426492637705898,1.7972132798070972
2024-01-15,22097.44921875,0.009267074694848665,1.8138681895136435
2024-01-16,22032.30078125,-0.0029482333845447517,1.8085204827621557
2024-01-17,21571.94921875,-0.020894393512082443,1.7707325441206618
2024-01-18,21462.25,-0.0050852715087356115,1.761727888364454
2024-01-19,21622.400390625,0.00746195718645537,1.774873826441614
2024-01-23,21238.80078125,-0.01774084294273448,1.7433860686435432
2024-01-24,21453.94921875,0.010129971071150878,1.7610465190847497
2024-01-25,21352.599609375,-0.004724053755400193,1.752727240662833
2024-01-29,21737.599609375,0.018030591452244726,1.7843299494664446
2024-01-30,21522.099609375,-0.009913698102483215,1.766640641032215
2024-01-31,21725.69921875,0.009460025419002926,1.7833531064026233
2024-02-01,21697.44921875,-0.0013003033741542103,1.7810342063410596
2024-02-02,21853.80078125,0.007205988175093214,1.7938683177713899
2024-02-05,21771.69921875,-0.0037568550808078083,1.7871290144674703
2024-02-06,21929.400390625,0.007243402101531293,1.8000739085265716
2024-02-07,21930.5,5.014315737827957e-05,1.8001641699158593
2024-02-08,21717.94921875,-0.009692017110872975,1.7827169479786542
2024-02-09,21782.5,0.0029722318898448563,1.7880155961420032
2024-02-12,21616.05078125,-0.0076414194307357075,1.7743526190231853
2024-02-13,21743.25,0.005884480011507653,1.7847937615431935
2024-02-14,21840.05078125,0.004451992284961959,1.792739649599832
2024-02-15,21910.75,0.0032371361888359207,1.7985429919967126
2024-02-16,22040.69921875,0.005930843022260657,1.8092098681510322
2024-02-19,22122.25,0.0037000088082788096,1.815903960599216
2024-02-20,22196.94921875,0.0033766555730090353,1.8220356428278226
2024-02-21,22055.05078125,-0.006392700010330099,1.8103879155550953
2024-02-22,22217.44921875,0.0073633218581414805,1.8237183844654172
2024-02-23,22212.69921875,-0.0002137959201901074,1.8233284809152428
2024-02-26,22122.05078125,-0.004080928508836235,1.8158876077365027
2024-02-27,22198.349609375,0.003448994348646428,1.822150593833363
2024-02-28,21951.150390625,-0.011135927809948543,1.8018592563615798
2024-02-29,21982.80078125,0.0014418556686905948,1.8044572773445473
2024-03-01,22338.75,0.016192168700068565,1.8336753539913766
2024-03-04,22405.599609375,0.0029925402887358565,1.8391627013646579
2024-03-05,22356.30078125,-0.00220029050703785,1.8351160091319472
2024-03-06,22474.05078125,0.005266971542034149,1.8447815129283764
2024-03-07,22493.55078125,0.0008676673462120199,1.84638216960804
2024-03-11,22332.650390625,-0.007153178801771132,1.8331746678124317
2024-03-12,22335.69921875,0.0001365188668460693,1.8334249307408124
2024-03-13,21997.69921875,-0.015132725270416536,1.805680214959979
2024-03-14,22146.650390625,0.006771215952804832,1.8179068656371802
2024-03-15,22023.349609375,-0.005567468627318717,1.8077857261953578
2024-03-18,22055.69921875,0.0014688778023679294,1.8104411425200038
2024-03-19,21817.44921875,-0.010802196640288697,1.7908844012928338
2024-03-20,21839.099609375,0.0009923428906801757,1.7926615726964867
2024-03-21,22011.94921875,0.0079146856998078,1.8068499256105026
2024-03-22,22096.75,0.0038524885010076115,1.8138107941719634
2024-03-26,22004.69921875,-0.00416580634029895,1.8062548096654991
2024-03-27,22123.650390625,0.005405716783151604,1.8160189116047563
2024-03-28,22326.900390625,0.009187001078543977,1.8327026793043255
2024-04-01,22462.0,0.006050979178091831,1.8437923250564292
2024-04-02,22453.30078125,-0.0003872860275131451,1.8430782500512988
2024-04-03,22434.650390625,-0.0008306302403686683,1.8415473335214403
2024-04-04,22514.650390625,0.003565912488363576,1.848114130155957
2024-04-05,22513.69921875,-4.224679746289706e-05,1.8480360532526119
2024-04-08,22666.30078125,0.006778164752814453,1.860562346090699
2024-04-09,22642.75,-0.0010390218270411866,1.85862918120254
2024-04-10,22753.80078125,0.0049044741142307835,1.8677447799097018
2024-04-12,22519.400390625,-0.010301592814249916,1.8485040337061311
2024-04-15,22272.5,-0.010963897188301042,1.8282372255284174
2024-04-16,22147.900390625,-0.005594325260972033,1.8180094718345943
2024-04-18,21995.849609375,-0.0068652458503182245,1.8055283898522425
2024-04-19,22147.0,0.0068717686886063944,1.817935563308019
2024-04-22,22336.400390625,0.008551965982977361,1.833482486404674
2024-04-23,22368.0,0.0014147135985376202,1.8360763390108712
2024-04-24,22402.400390625,0.0015379287654238016,1.83890009362815
2024-04-25,22570.349609375,0.0074969296067168845,1.8526861981838654
2024-04-26,22419.94921875,-0.006663626980883297,1.8403405884465374
2024-04-29,22643.400390625,0.00996662256880243,1.8586825684896318
2024-04-30,22604.849609375,-0.00170251731563964,1.8555181292325007
2024-05-02,22648.19921875,0.0019177127972140884,1.8590764800943926
2024-05-03,22475.849609375,-0.007609859296553445,1.8449291696593424
2024-05-06,22442.69921875,-0.0014749338156797576,1.8422080212394778
2024-05-07,22302.5,-0.006246985595782073,1.8306997742663607
2024-05-08,22302.5,0.0,1.8306997742663607
2024-05-09,21957.5,-0.01546911781190452,1.8023804637800074
2024-05-10,22055.19921875,0.0044494691449390444,1.8104001000410375
2024-05-13,22104.05078125,0.0022149680905385605,1.8144100784937363
2024-05-14,22217.849609375,0.005148324587705533,1.8237512505130262
2024-05-15,22200.55078125,-0.0007786004689536163,1.822331276934122
2024-05-16,22403.849609375,0.009157377676264788,1.8390190526882777
2024-05-17,22466.099609375,0.0027785403439750667,1.844128841319511
2024-05-21,22529.05078125,0.002802051667603722,1.8492961856146064
2024-05-22,22597.80078125,0.0030516154749500313,1.854939526472394
2024-05-23,22967.650390625,0.01636661960848307,1.8852986160989074
2024-05-24,22957.099609375,-0.0004593757337192361,1.884432555663857
2024-05-27,22932.44921875,-0.0010737589261899938,1.88240912938641
2024-05-28,22888.150390625,-0.0019317094176221072,1.8787728619433566
2024-05-29,22704.69921875,-0.008015115627261094,1.8637142802175204
2024-05-30,22488.650390625,-0.009515599658179275,1.8459799212497388
2024-05-31,22530.69921875,0.0018697799732139142,1.8494314975374466
2024-06-03,23263.900390625,0.03254231769535276,1.9096162848861022
2024-06-04,21884.5,-0.05929359941641077,1.7963882618510112
2024-06-05,22620.349609375,0.033624236760035675,1.8567904460804385
2024-06-06,22821.400390625,0.008888049244237806,1.8732936910014317
2024-06-07,23290.150390625,0.020539931466807104,1.9117710150318032
2024-06-10,23259.19921875,-0.0013289382574128705,1.9092303893905145
2024-06-11,23264.849609375,0.0002429314342191624,1.909694201467264
2024-06-12,23322.94921875,0.002497312914139238,1.914463305458645
2024-06-13,23398.900390625,0.0032564994745150067,1.9206977542068495
2024-06-14,23465.599609375,0.0028505279152657437,1.9261727567720044
2024-06-18,23557.900390625,0.003933450786960613,1.9337492625179513
2024-06-19,23516.0,-0.0017786131162043084,1.9303098707161865
2024-06-20,23567.0,0.0021687361796223215,1.9344962035706907
2024-06-21,23501.099609375,-0.00279629951309035,1.929086772778571
2024-06-24,23537.849609375,0.00156375661610908,1.932103394982552
2024-06-25,23721.30078125,0.007793879853915442,1.947161976708388
2024-06-26,23868.80078125,0.006218040121837909,1.959269508003278
2024-06-27,24044.5,0.007361040898544724,1.9736917709829618
2024-06-28,24010.599609375,-0.0014099020825968367,1.9709090588446487
2024-07-01,24141.94921875,0.005470484349075377,1.9816908860045093
2024-07-02,24123.849609375,-0.0007497161563467802,1.9802051803303866
2024-07-03,24286.5,0.006742306607722792,1.9935563308023752
2024-07-04,24302.150390625,0.0006444070008029268,1.9948409924584392
2024-07-05,24323.849609375,0.0008928929498506211,1.9966221719166783
2024-07-08,24320.55078125,-0.00013562113637344275,1.9963513877488146
2024-07-09,24433.19921875,0.004631820986013446,2.0055981300020465
2024-07-10,24324.44921875,-0.004450911197766749,1.9966713908270004
2024-07-11,24315.94921875,-0.0003494426502141934,1.995973668684583
2024-07-12,24502.150390625,0.007657573644356042,2.0112579840447307
2024-07-15,24586.69921875,0.003450669707641296,2.0181981710445256
2024-07-16,24613.0,0.0010697158254551198,2.0203570695669963
2024-07-18,24800.849609375,0.007632129743428306,2.035776696849984
2024-07-19,24530.900390625,-0.010884676251089243,2.01361792658526
2024-07-22,24509.25,-0.0008825762723847497,2.0118407551816073
2024-07-23,24479.05078125,-0.0012321559717249908,2.0093618535809505
2024-07-24,24413.5,-0.002677831825905974,2.0039811204596703
2024-07-25,24406.099609375,-0.0003031269840456652,2.003373659706541
2024-07-26,24834.849609375,0.01756732976027453,2.0385675854196537
2024-07-29,24836.099609375,5.03324972633834e-05,2.038670191617068
2024-07-30,24857.30078125,0.0008536433743000504,2.0404104889185253
2024-07-31,24951.150390625,0.00377553501085659,2.0481141301559562
2024-08-01,25010.900390625,0.0023946791656728195,2.053018706392361
2024-08-02,24717.69921875,-0.011722935491954689,2.028951300533547
2024-08-05,24055.599609375,-0.02678645789462286,1.9746028819515649
2024-08-06,23992.55078125,-0.0026209626510589334,1.9694275215472965
2024-08-07,24297.5,0.012710162480444431,1.9944592653396216
2024-08-08,24117.0,-0.007428747813561065,1.9796429304329932
2024-08-09,24367.5,0.010386864037815746,2.0002052123948237
2024-08-12,24347.0,-0.0008412844977941925,1.9985224707572289
2024-08-13,24139.0,-0.008543146999630324,1.9814487995074854
2024-08-14,24143.75,0.00019677699987563635,1.9818387030576596
2024-08-16,24541.150390625,0.016459762490292462,2.014459297404058
2024-08-19,24572.650390625,0.0012835584110202358,2.0170449735788987
2024-08-20,24698.849609375,0.005135759339910173,2.0274040311409753
2024-08-21,24770.19921875,0.0028887826964991703,2.033260760824948
2024-08-22,24811.5,0.001667357653657442,2.036650933716391
2024-08-23,24823.150390625,0.00046955607782672715,2.037607255540729
2024-08-26,25010.599609375,0.007551387144671073,2.0529940167761076
2024-08-27,25017.75,0.0002858944102370753,2.0535809562897542
2024-08-28,25052.349609375,0.0013830024432652799,2.056421063769746
2024-08-29,25151.94921875,0.00397565940632294,2.064596693515283
2024-08-30,25235.900390625,0.003337760073577778,2.071487821926939
2024-09-02,25278.69921875,0.001695950113232314,2.075000961933095
2024-09-03,25279.849609375,4.550829989491412e-05,2.075095391699153
2024-09-04,25198.69921875,-0.0032100820170585243,2.0684341652985783
2024-09-05,25145.099609375,-0.0021270784221717465,2.064034443617889
2024-09-06,24852.150390625,-0.011650350298901935,2.0399877193207416
2024-09-09,24936.400390625,0.003390048695012693,2.046903377026467
2024-09-10,25041.099609375,0.0041986500501236534,2.055497607993017
2024-09-11,24918.44921875,-0.004897963449619458,2.0454298558382873
2024-09-12,25388.900390625,0.01887963282727112,2.0840468204904523
2024-09-13,25356.5,-0.0012761636040355961,2.081387235789036
2024-09-16,25383.75,0.0010746751326089488,2.0836240508926682
2024-09-17,25418.55078125,0.0013709866056039743,2.0864806715575566
2024-09-18,25377.55078125,-0.0016129951842196455,2.083115188282367
2024-09-19,25415.80078125,0.0015072376499098983,2.086254937923245
2024-09-20,25790.94921875,0.014760441377741573,2.117048981633485
2024-09-23,25939.05078125,0.005742385099666292,2.129205892160881
2024-09-24,25940.400390625,5.2030021699067674e-05,2.129316674789652
2024-09-25,26004.150390625,0.0024575565157058943,2.1345495908577825
2024-09-26,26216.05078125,0.008148714241454025,2.1519434255078953
2024-09-27,26178.94921875,-0.0014152231703233875,2.1488979453108916
2024-09-30,25810.849609375,-0.014060900852023384,2.1186825043607582
2024-10-01,25796.900390625,-0.0005404401234794243,2.1175374833264877
2024-10-03,25250.099609375,-0.021196375260987388,2.0726533642006926
2024-10-04,25014.599609375,-0.009326695880144675,2.053322356607834
2024-10-07,24795.75,-0.008748875168602677,2.035358095628971
2024-10-08,25013.150390625,0.00876764730346924,2.0532033975477066
2024-10-09,24981.94921875,-0.0012473907279866303,2.050642250666935
2024-10-10,24998.44921875,0.0006604768849507447,2.051996652472804
2024-10-11,24964.25,-0.0013680536120755926,2.049189411040422
2024-10-14,25127.94921875,0.006557345754428789,2.0626266545249283
2024-10-15,25057.349609375,-0.0028096049048969007,2.056831488559404
2024-10-16,24971.30078125,-0.0034340754096676696,2.049768174122712
2024-10-17,24749.849609375,-0.008868227322834543,2.0315903639954804
2024-10-18,24854.05078125,0.004210173941240125,2.0401437128052486
2024-10-21,24781.099609375,-0.00293518237799828,2.034155518930839
2024-10-22,24472.099609375,-0.012469180337869368,2.008791266930018
2024-10-23,24435.5,-0.001495564743491773,2.0057869895341636
2024-10-24,24399.400390625,-0.0014773427748562273,2.0028237546172747
2024-10-25,24180.80078125,-0.008959220549493163,1.9848800148778944
2024-10-28,24339.150390625,0.0065485676346082045,1.9978781359019044
2024-10-29,24466.849609375,0.0052466588480091225,2.008360320900878
2024-10-30,24340.849609375,-0.005149825253829232,1.9980176162015142
2024-10-31,24205.349609375,-0.005566773640794054,1.9868951044018015
2024-11-01,24304.349609375,0.004090004961616156,1.9950215152370157
2024-11-04,23995.349609375,-0.0127137736646451,1.9696572632361948
2024-11-05,24213.30078125,0.00908305881860727,1.9875477760106661
2024-11-06,24484.05078125,0.011181870759630508,2.0097722783706082
2024-11-07,24199.349609375,-0.011628025706147627,1.9864025946542119
2024-11-08,24148.19921875,-0.002113709312467793,1.982203916991581
2024-11-11,24141.30078125,-0.00028567088740283353,1.9816376590396008
2024-11-12,23883.44921875,-0.010680930776533315,1.9604719243792272
2024-11-13,23559.05078125,-0.013582562322921432,1.9338436922840088
2024-11-14,23532.69921875,-0.0011185324376894457,1.931680625384768
2024-11-18,23453.80078125,-0.0033527151631265184,1.9252042504617228
2024-11-19,23518.5,0.002758581406631766,1.930515083111015
2024-11-21,23349.900390625,-0.007168807933116472,1.9166755912682076
2024-11-22,23907.25,0.023869464111237804,1.9624256105068696
2024-11-25,24221.900390625,0.013161295867362366,1.9882536745844397
2024-11-26,24194.5,-0.0011312238174179257,1.986004514672681
2024-11-27,24274.900390625,0.003323085437806128,1.992604177354807
2024-11-28,23914.150390625,-0.014861029054492936,1.9629920287810334
2024-11-29,24131.099609375,0.009072001940535257,1.9808002962753901
2024-12-02,24276.05078125,0.006006820004948565,1.9926986071208652
2024-12-03,24457.150390625,0.007460011144599932,2.0075641609378154
2024-12-04,24467.44921875,0.00042109681465385407,2.0084095398111996
2024-12-05,24708.400390625,0.009847825562885104,2.0281880066180946
2024-12-06,24677.80078125,-0.0012384293961259507,2.0256762389698286
2024-12-09,24619.0,-0.0023827399277279726,2.0208495793145853
2024-12-10,24610.05078125,-0.0003635086213900074,2.020114983069972
2024-12-11,24641.80078125,0.0012901233029631864,2.0227211804842957
2024-12-12,24548.69921875,-0.003778196379659149,2.01507894264313
2024-12-13,24768.30078125,0.008945547808588916,2.033104927662625
2024-12-16,24668.25,-0.004039468921733236,2.0248922634927093
2024-12-17,24336.0,-0.013468730047733413,1.9976195362199822
2024-12-18,24198.849609375,-0.005635699812006956,1.9863615521752458
2024-12-19,23951.69921875,-0.010213311567061067,1.966074222758049
2024-12-20,23587.5,-0.01520556915080562,1.9361789452082852
2024-12-23,23753.44921875,0.0070354729729729115,1.9498008798481372
2024-12-24,23727.650390625,-0.0010861087115143775,1.9476831841268158
2024-12-26,23750.19921875,0.0009503186263191132,1.9495341037348601
2024-12-27,23813.400390625,0.002661079652128029,1.9547219692694386
2024-12-30,23644.900390625,-0.007075847935867907,1.9408906538579878
2024-12-31,23644.80078125,-4.212721278373799e-06,1.9408824774266313
2025-01-01,23742.900390625,0.004148887118253564,1.9489349797352709
2025-01-02,24188.650390625,0.018774033191665485,1.9855243497332187
2025-01-03,24004.75,-0.007602755327609123,1.9704288939051868
2025-01-06,23616.05078125,-0.016192595996625703,1.9385225348861022
2025-01-07,23707.900390625,0.0038892874268343647,1.9460620062076697
2025-01-08,23688.94921875,-0.0007993610384197103,1.9445064000615584
2025-01-09,23526.5,-0.006857594959147506,1.9311717627744662
2025-01-10,23431.5,-0.004037999702463213,1.9233736917709776
2025-01-13,23085.94921875,-0.014747275302477436,1.8950091704288887
2025-01-14,23176.05078125,0.003902874499386977,1.90240515339626
2025-01-15,23213.19921875,0.0016028803979861728,1.9054544813256669
2025-01-16,23311.80078125,0.004247650725383689,1.9135481864354553
2025-01-17,23203.19921875,-0.004658651792672774,1.9046336317463521
2025-01-20,23344.75,0.006100485537167577,1.9162528216704238
2025-01-21,23024.650390625,-0.013711845677293555,1.8899774587010005
2025-01-22,23155.349609375,0.0056764909144164655,1.9007058985737686
2025-01-23,23205.349609375,0.0021593282262408753,1.9048101464703415
2025-01-24,23092.19921875,-0.004876047658393667,1.8955222014159603
2025-01-27,22829.150390625,-0.011391241935562957,1.8739298494254002
2025-01-28,22957.25,0.005611229817278129,1.8844449004719834
2025-01-29,23163.099609375,0.008966649288351114,1.9013420569977375
2025-01-30,23249.5,0.003730087599762788,1.9084342294274523
2025-01-31,23508.400390625,0.011135740150325812,1.9296860571003438
2025-02-01,23482.150390625,-0.0011166221250199504,1.927531326954643
2025-02-03,23361.05078125,-0.005157091976693451,1.91759087061358
2025-02-04,23739.25,0.016189306820631133,1.9486353375743843
2025-02-05,23696.30078125,-0.001809207062143936,1.9451098527601016
2025-02-06,23603.349609375,-0.003922602634608197,1.9374799597270624
2025-02-07,23559.94921875,-0.0018387386257991967,1.9339174404884003
2025-02-10,23381.599609375,-0.007570033692307909,1.9192776203057613
2025-02-11,23071.80078125,-0.013249684936046169,1.8938477965319056
2025-02-12,23045.25,-0.0011507892904301098,1.891668376769952
2025-02-13,23031.400390625,-0.0006009745771905495,1.890531532167038
2025-02-14,22929.25,-0.004435266153706374,1.882146521649903
2025-02-17,22959.5,0.0013192755977626813,1.8846295916273295
2025-02-18,22945.30078125,-0.0006184463402948426,1.8834640493535761
2025-02-19,22932.900390625,-0.0005404326900405598,1.8824461638107892
2025-02-20,22913.150390625,-0.0008612081186238907,1.880824985891643
2025-02-21,22795.900390625,-0.005117148798882476,1.8712005245741794
2025-02-24,22553.349609375,-0.010640105330068539,1.8512907538990306
2025-02-25,22547.55078125,-0.00025711604818956513,1.8508147573363383
2025-02-27,22545.05078125,-0.00011087678764998277,1.8506095449415096
2025-02-28,22124.69921875,-0.018644959666695105,1.8161050046172742
2025-03-03,22119.30078125,-0.00024400049223838316,1.815661874102191
2025-03-04,22082.650390625,-0.0016569416451024388,1.8126534283295663
2025-03-05,22337.30078125,0.011531695069225467,1.833556394931249
2025-03-06,22544.69921875,0.009284847776867,1.8505806869484867
2025-03-07,22552.5,0.00034601398645017767,1.8512210137492253
2025-03-10,22460.30078125,-0.004088203913091726,1.8436528447568181
2025-03-11,22497.900390625,0.0016740474556060647,1.8467392071106041
2025-03-12,22470.5,-0.0012179087892316698,1.8444900471988455
2025-03-13,22397.19921875,-0.003262089461738671,1.8384731556535963
2025-03-17,22508.75,0.004980568336268254,1.8476297968397237
2025-03-18,22834.30078125,0.01446329899483545,1.8743526190231836
2025-03-19,22907.599609375,0.0032100316461272094,1.8803693502462495
2025-03-20,23190.650390625,0.012356195589090069,1.9036035617176224
2025-03-21,23350.400390625,0.0068885519512889015,1.9167166337471728
2025-03-24,23658.349609375,0.013188177230298859,1.9419946324132924
2025-03-25,23668.650390625,0.00043539728764163677,1.9428401716088597
2025-03-26,23486.849609375,-0.007681079328545448,1.9279170621280473
2025-03-27,23591.94921875,0.004474827877002596,1.9365441591422068
2025-03-28,23519.349609375,-0.0030773044101545244,1.9305848232608196
2025-04-01,23165.69921875,-0.015036571865236992,1.9015554458239223
2025-04-02,23332.349609375,0.0071938424586863725,1.9152349361276368
2025-04-03,23250.099609375,-0.0035251486188494496,1.9084834483377744
2025-04-04,22904.44921875,-0.014866619775066536,1.8801107505643289
2025-04-07,22161.599609375,-0.03243254628305536,1.8191339716293813
2025-04-08,22535.849609375,0.016887318902814252,1.8498542671352296
2025-04-09,22399.150390625,-0.006065856008070525,1.8386333175148726
2025-04-11,22828.55078125,0.019170387409190415,1.8738806305150777
2025-04-15,23328.55078125,0.02190239778210845,1.914923109480807
2025-04-16,23437.19921875,0.004657316201027051,1.9238415119023131
2025-04-17,23851.650390625,0.017683476937954135,1.9578617189103165
2025-04-21,24125.55078125,0.011483498464016417,1.9803448209521797
2025-04-22,24167.25,0.0017284255654137493,1.983767699569048
2025-04-23,24328.94921875,0.006690840652122221,1.9970407731376916
2025-04-24,24246.69921875,-0.0033807460922566923,1.9902892853478291
2025-04-25,24039.349609375,-0.00855166336268387,1.973269001385178
2025-04-28,24328.5,0.012028211882747275,1.997003899035496
2025-04-29,24335.94921875,0.0003061930965739812,1.9976153678432118
2025-04-30,24334.19921875,-7.191007773188485e-05,1.9974717191668319
2025-05-02,24346.69921875,0.0005136803511647248,1.998497781140975
2025-05-05,24461.150390625,0.004700890697612925,2.0078925007695405
2025-05-06,24379.599609375,-0.0033338898599493128,2.0011984083213568
2025-05-07,24414.400390625,0.0014274549954715887,2.0040550289862447
2025-05-08,24273.80078125,-0.005758880297096702,1.9925139159655183
2025-05-09,24008.0,-0.0109501096942064,1.970695670018463
2025-05-12,24924.69921875,0.038183073090219954,2.045942886825358
2025-05-13,24578.349609375,-0.01389583907654357,2.017512793710234
2025-05-14,24666.900390625,0.0036027960647213586,2.0247814808639384
2025-05-15,25062.099609375,0.01602143814146184,2.0572213921095774
2025-05-16,25019.80078125,-0.0016877607536591732,2.0537492945823868
2025-05-19,24945.44921875,-0.0029717088137536374,2.047646149702436
2025-05-20,24683.900390625,-0.010484831354666824,2.026176925148773
2025-05-21,24813.44921875,0.00524831270888626,2.0368109352554837
2025-05-22,24609.69921875,-0.008211272774042211,2.020086125076949
2025-05-23,24853.150390625,0.009892488718005854,2.040069804278673
2025-05-26,25001.150390625,0.005954979456279652,2.0522183780525287
2025-05-27,24826.19921875,-0.0069977248703164685,2.03785751846911
2025-05-28,24752.44921875,-0.0029706520659956714,2.031803752821665
2025-05-29,24833.599609375,0.003278479228775888,2.0384649792222396
2025-05-30,24750.69921875,-0.00333823496911434,2.031660104145285
2025-06-02,24716.599609375,-0.0013777230725331435,2.028861039144259
2025-06-03,24542.5,-0.007043833380258491,2.014570080032829
2025-06-04,24620.19921875,0.003165904807986175,2.02094801713523
2025-06-05,24750.900390625,0.005308696762106768,2.0316766173301817
2025-06-06,25003.05078125,0.01018752395450262,2.0523743715370357
2025-06-09,25103.19921875,0.004005448710087123,2.0605950518161245
2025-06-10,25104.25,4.18584595869298e-05,2.060681305150826
2025-06-11,25141.400390625,0.0014798446727146697,2.0637307934024163
2025-06-12,24888.19921875,-0.010071084662786611,2.0429467858608605
2025-06-13,24718.599609375,-0.006814458847919758,2.029025209060122
2025-06-16,24946.5,0.00921979376770854,2.0477324030371378
2025-06-17,24853.400390625,-0.0037319707924959866,2.0400903255181557
2025-06-18,24812.05078125,-0.0016637405234334324,2.0366961445721268
2025-06-19,24793.25,-0.0007577278241026608,2.035152883234142
2025-06-20,25112.400390625,0.01287247095983779,2.0613503296224036
2025-06-23,24971.900390625,-0.0055948454872697395,2.0498173930330337
2025-06-24,25044.349609375,0.0029012296868362597,2.0557643841062943
2025-06-25,25244.75,0.008001820520425307,2.0722142417401956
2025-06-26,25549.0,0.012052010814129765,2.097188590190842
2025-06-27,25637.80078125,0.003475704773181043,2.1044777985840293
2025-06-30,25517.05078125,-0.004709842354665206,2.0945660399138055
2025-07-01,25541.80078125,0.0009699396772837598,2.096597642622609
2025-07-02,25453.400390625,-0.0034610085397696055,2.0893413002770314
2025-07-03,25405.30078125,-0.00188971251922454,2.085393045864965
2025-07-04,25461.0,0.0021924250859925998,2.0899651138928736
2025-07-07,25461.30078125,1.1813410706551508e-05,2.0899898035091264
2025-07-08,25522.5,0.0024036171315751087,2.0950133388056584
2025-07-09,25476.099609375,-0.00181801902732881,2.0912045646932023
2025-07-10,25355.25,-0.004743646446198069,2.081284629591622
2025-07-11,25149.849609375,-0.008100901810276007,2.064424347168064
2025-07-14,25082.30078125,-0.002685854157148504,2.058879604453104
2025-07-15,25195.80078125,0.004525103218794291,2.068196247178325
2025-07-16,25212.05078125,0.0006449487413033861,2.0695301277447107
2025-07-17,25111.44921875,-0.003990217351728331,2.0612722527190592
2025-07-18,24968.400390625,-0.0056965580472427835,2.0495300956802742
2025-07-21,25090.69921875,0.004898144302865282,2.0595689898419813
2025-07-22,25060.900390625,-0.0011876443882732346,2.0571229542889338
2025-07-23,25219.900390625,0.006344544590244583,2.070174462600036
2025-07-24,25062.099609375,-0.006256994627491075,2.0572213921095783
2025-07-25,24837.0,-0.008981674037030651,2.0387441001436435
2025-07-28,24680.900390625,-0.006284962329387578,2.0259306702749793
2025-07-29,24821.099609375,0.005680474234370125,2.0374389172480964
2025-07-30,24855.05078125,0.001367835124523431,2.0402257977631795
2025-07-31,24768.349609375,-0.0034882717656889994,2.033108935717212
2025-08-01,24565.349609375,-0.008195943742782208,2.016445689257126
2025-08-04,24722.75,0.006407415043054421,2.0293658936999743
2025-08-05,24649.55078125,-0.0029608040671041946,2.023357338908265
2025-08-06,24574.19921875,-0.003056914228121266,2.0171721090703825
2025-08-07,24596.150390625,0.0008932609229541644,2.018973970090288
2025-08-08,24363.30078125,-0.009466912735407229,1.9998605197003845
2025-08-11,24585.05078125,0.009101804471857822,2.0180628591216854
2025-08-12,24487.400390625,-0.003971941790719136,2.0100472309152417
2025-08-13,24619.349609375,0.005388453516712133,2.0208782769854245
2025-08-14,24631.30078125,0.00048543816407109475,2.0218592884260156
2025-08-18,24876.94921875,0.009973019276634965,2.0420233300841315
2025-08-19,24980.650390625,0.004168564680625764,2.050535636414934
2025-08-20,25050.55078125,0.0027981813736617234,2.05627340703878
2025-08-21,25083.75,0.0013252889742787488,2.058998563513231
2025-08-22,24870.099609375,-0.008517482060098724,2.041461080186738
2025-08-25,24967.75,0.003926417350905487,2.0494767083931817
2025-08-26,24712.05078125,-0.010241179872034878,2.0284876487789814
2025-08-28,24500.900390625,-0.008544430103923584,2.011155377847317
2025-08-29,24426.849609375,-0.0030223697933294824,2.005076922583619
2025-09-01,24625.05078125,0.008114070174605414,2.0213462574389447
2025-09-02,24579.599609375,-0.0018457290617897026,2.01761539990765
2025-09-03,24715.05078125,0.0055107151470170646,2.0287339036527756
2025-09-04,24734.30078125,0.0007788776228048189,2.030314039092956
2025-09-05,24741.0,0.00027084730671167456,2.0308639441822236
2025-09-08,24773.150390625,0.0012994782193525012,2.033503007644157
2025-09-09,24868.599609375,0.003852930178235292,2.041337952749841
2025-09-10,24973.099609375,0.0042020862308871365,2.0499158308536787
2025-09-11,25005.5,0.0012974116602184615,2.052575415555095
2025-09-12,25114.0,0.004339045410009845,2.0614816334906583
2025-09-15,25069.19921875,-0.0017838966811339896,2.0578041632464554
2025-09-16,25239.099609375,0.006777256391098607,2.071750429663447
2025-09-17,25330.25,0.003611475529465391,2.079232505643336
2025-09-18,25423.599609375,0.0036853015416349333,2.0868951044018007
2025-09-19,25327.05078125,-0.0037976065391384095,2.0789698979068283
2025-09-22,25202.349609375,-0.004923635718664832,2.0687338074594654
2025-09-23,25169.5,-0.0013034343973540308,2.0660373486558536
2025-09-24,25056.900390625,-0.00447365300760838,2.0567946144572082
2025-09-25,24890.849609375,-0.006626948212322681,2.043164343063816
2025-09-26,24654.69921875,-0.009487437927231501,2.0237799481838654
2025-09-29,24634.900390625,-0.0008030448049409777,2.022154762210133
2025-09-30,24611.099609375,-0.0009661407544825362,2.0202010760824907
2025-10-01,24836.30078125,0.009150390492475902,2.0386867048019655
2025-10-03,24894.25,0.0023332467769816567,2.04344346398522
2025-10-06,25077.650390625,0.007367178791287232,2.058497877334286
2025-10-07,25108.30078125,0.0012222193924698033,2.061013813359322
2025-10-08,25046.150390625,-0.0024752925801897474,2.0559122011594453
2025-10-09,25181.80078125,0.005416017571936882,2.0670470577672844
2025-10-10,25285.349609375,0.0041120501676790155,2.0755468589677766
2025-10-13,25227.349609375,-0.0022938183927065925,2.0707859314077517
2025-10-14,25145.5,-0.003244479132464395,2.0640673096654982
2025-10-15,25323.55078125,0.007080820872521931,2.078682600554068
2025-10-16,25585.30078125,0.010336228211479837,2.1001683382926273
2025-10-17,25709.849609375,0.004867983737610659,2.1103919236096806
2025-10-20,25843.150390625,0.005184813729964155,2.1213339126308175
2025-10-21,25868.599609375,0.0009847568259027106,2.1234229106812994
2025-10-23,25891.400390625,0.0008814076368377499,2.1252945118510103
2025-10-24,25795.150390625,-0.0037174505259611745,2.117393834650107
2025-10-27,25966.05078125,0.006625291500029773,2.1314221860250298
2025-10-28,25936.19921875,-0.001149638146805021,2.1289718217730287
2025-10-29,26053.900390625,0.0045381040946781415,2.1386333175148713
2025-10-30,25877.849609375,-0.0067571756478100875,2.1241821965421646
2025-10-31,25722.099609375,-0.006018660837397216,2.1113974643443396
2025-11-03,25763.349609375,0.0016036793506921665,2.1147834688590126
2025-11-04,25597.650390625,-0.006431586779760301,2.101182055458643
2025-11-06,25509.69921875,-0.0034359080045569534,2.093962587215261
2025-11-07,25492.30078125,-0.0006820322478444663,2.0925344372050008
2025-11-10,25574.349609375,0.0032185728871263475,2.099269411809967
2025-11-11,25694.94921875,0.0047156471705849246,2.1091688256720644
2025-11-12,25875.80078125,0.0070384090258497345,2.1240140185717156
2025-11-13,25879.150390625,0.00012944949620363744,2.124288971116349
2025-11-14,25910.05078125,0.001194026471448284,2.1268254283808674
2025-11-17,26013.44921875,0.0039906690408659795,2.1353128847732337
2025-11-18,25910.05078125,-0.003974806902018679,2.1268254283808674
2025-11-19,26052.650390625,0.005503640675154298,2.1385307113174568
2025-11-20,26192.150390625,0.005354541588221684,2.1499815629488954
2025-11-21,26068.150390625,-0.0047342428227803435,2.1398030281653946
2025-11-24,25959.5,-0.004167936312968079,2.130884465421705
2025-11-25,25884.80078125,-0.002877529180069005,2.1247527831930983
2025-11-26,26205.30078125,0.012381783530362567,2.1510610122101306
2025-11-27,26215.55078125,0.0003911422381892571,2.151902383028928
2025-11-28,26202.94921875,-0.0004806903583736144,2.150867984301245
2025-12-01,26175.75,-0.0010380212747401751,2.1486353375743827
2025-12-02,26032.19921875,-0.005484113396941881,2.136851977734448
2025-12-03,25986.0,-0.0017746951904364927,2.133059716806888
2025-12-04,26033.75,0.0018375278996383138,2.136979273548115
2025-12-05,26186.44921875,0.005865433091659877,2.1495135824953753
2025-12-08,25960.55078125,-0.00862653945989178,2.1309707187564055
2025-12-09,25839.650390625,-0.004657081109092687,2.1210466152780554
2025-12-10,25758.0,-0.0031598875909956137,2.114344346398515
2025-12-11,25898.55078125,0.0054565875164998,2.125881451364655
2025-12-12,26046.94921875,0.005729990019651465,2.1380627308639366
2025-12-15,26027.30078125,-0.0007543469807149705,2.1364498896983304
2025-12-16,25860.099609375,-0.006424068837574293,2.1227251885388805
2025-12-17,25818.55078125,-0.001606677033445636,2.1193146547301387
2025-12-18,25815.55078125,-0.00011619552256891819,2.1190683998563444
2025-12-19,25966.400390625,0.005843362036054733,2.131450883695868
2025-12-22,26172.400390625,0.00793332910611566,2.1483603850297484
2025-12-23,26177.150390625,0.00018148889399149937,2.1487502885799223
2025-12-24,26142.099609375,-0.0013389838361685946,2.145873146675551
2025-12-26,26042.30078125,-0.0038175521330050532,2.1376811640673017
2025-12-29,25942.099609375,-0.003847631310177624,2.1294561550892595
2025-12-30,25938.849609375,-0.00012527898855285713,2.1291893789759824
2025-12-31,26129.599609375,0.0073538342244390265,2.144847084701408
2026-01-01,26146.55078125,0.0006487344669803274,2.1462385209316563
2026-01-02,26328.55078125,0.006960765170238581,2.1611779832751816
2026-01-05,26250.30078125,-0.0029720587604740167,2.154754835317045
