end_date,Close,High,Low,Open,Volume,ret_1d,ma_5,ma_20,ma_diff,vol_20,momentum
2020-03-26,0.095191024,0.06100003,0.06975183,0.067873426,0.18146543,0.15024145,0.084127426,0.103823885,0.26683918,0.16492847,0.19175734
2020-04-03,0.08931494,0.05709129,0.06457275,0.06072626,0.20634618,0.15150446,0.077825196,0.10014491,0.3058376,0.18761724,0.20553327
2020-04-15,0.08527036,0.05426897,0.060718536,0.056412403,0.21780516,0.14536884,0.07293553,0.09582617,0.32048684,0.21514454,0.21928766
2020-04-22,0.08137623,0.050668236,0.05609483,0.051298916,0.21929315,0.14338383,0.067919835,0.09127898,0.32613713,0.24430545,0.22364402
2020-04-29,0.07837515,0.04761337,0.05102617,0.048172634,0.22185965,0.15338539,0.062271886,0.08768593,0.33143875,0.27667156,0.23066874
2020-05-07,0.07388124,0.044286124,0.046604168,0.044432983,0.22128627,0.14651261,0.054129224,0.083182685,0.33708555,0.30399448,0.23264383
2020-05-14,0.06784984,0.041760277,0.044707555,0.042146046,0.23894428,0.15348755,0.04656784,0.08015604,0.33872518,0.31149155,0.23392254
2020-05-21,0.06368072,0.039166585,0.042456653,0.037836697,0.2543935,0.15722927,0.041067343,0.07528082,0.34139755,0.31738126,0.23624349
2020-05-29,0.059413623,0.03553803,0.03959431,0.035233404,0.26428443,0.16041483,0.03283635,0.07127808,0.34757033,0.328209,0.25939453
2020-06-05,0.05102868,0.032247387,0.036020443,0.032736,0.2549924,0.15667008,0.024896221,0.065475054,0.31258598,0.34166822,0.27972224
2020-06-12,0.04824423,0.030564496,0.0344568,0.03218014,0.24162596,0.14735189,0.01909502,0.0627158,0.2851895,0.3459134,0.2822091
2020-06-19,0.04857894,0.029291468,0.03465471,0.03294972,0.22400814,0.14726983,0.01915878,0.061397456,0.24869987,0.35140616,0.2766965
2020-06-26,0.048276283,0.030403148,0.038311917,0.031986814,0.20496626,0.14639428,0.020694928,0.065364495,0.21196344,0.3398775,0.2723254
2020-07-03,0.049275365,0.029678373,0.041558877,0.032312457,0.18705021,0.14436226,0.023430146,0.06920414,0.17531517,0.317218,0.26227397
2020-07-10,0.05207355,0.033443876,0.043746278,0.03235559,0.1793458,0.14844996,0.0280188,0.07108091,0.16246298,0.31765577,0.25505987
2020-07-17,0.052597005,0.034711424,0.04680304,0.031502135,0.18294074,0.15205544,0.03010702,0.07458968,0.15920548,0.29903638,0.24748392
2020-07-24,0.052671872,0.036648348,0.0532146,0.03013546,0.18067747,0.14421126,0.03552062,0.07854566,0.1512914,0.28641874,0.25569457
2020-07-31,0.052483134,0.040717658,0.05827366,0.030579096,0.1828426,0.14654136,0.0438581,0.08373158,0.14664647,0.27086768,0.24987637
2020-08-07,0.052871898,0.041553076,0.060501076,0.031421345,0.16637321,0.14460568,0.052026276,0.085783124,0.13879178,0.26615855,0.25073302
2020-08-14,0.05375857,0.04304294,0.06441298,0.031143188,0.14755736,0.14032124,0.060016546,0.09034721,0.13576223,0.26029068,0.25188324
2020-08-21,0.0548581,0.04500494,0.06743348,0.031580087,0.13666512,0.13163234,0.069314346,0.09129029,0.13068685,0.24622105,0.23039415
2020-08-28,0.05872584,0.0459606,0.072326966,0.031476937,0.13785782,0.13094121,0.0762745,0.095301114,0.12713395,0.21818514,0.2105031
2020-09-04,0.059078164,0.049328938,0.075501174,0.032408077,0.13794604,0.13715035,0.08792576,0.098544195,0.115354985,0.19439775,0.20601182
2020-09-11,0.060602386,0.052999604,0.07832924,0.033658054,0.13656007,0.13420857,0.09986421,0.09920315,0.110274665,0.1617224,0.19717747
2020-09-18,0.06306298,0.055229332,0.07881544,0.036010306,0.13659017,0.13532992,0.10808457,0.09754094,0.1075377,0.14615823,0.19130436
2020-09-25,0.06768597,0.05648712,0.07863215,0.03902361,0.13769515,0.13317254,0.115905315,0.09585102,0.11214129,0.1468694,0.19119175
2020-10-05,0.06765497,0.054582503,0.080193445,0.04186603,0.13489428,0.13690643,0.118572995,0.09807234,0.10880945,0.12165114,0.18781872
2020-10-12,0.06802462,0.055225424,0.08307108,0.04562796,0.13214785,0.13489318,0.12125622,0.102238946,0.10315753,0.13098165,0.21024086
2020-10-19,0.07336257,0.05639434,0.0819246,0.05092971,0.13134359,0.13812603,0.12168435,0.10277552,0.10365169,0.13384296,0.1986773
2020-10-26,0.07971473,0.05479937,0.08220787,0.052898567,0.12834491,0.13972326,0.120182104,0.102706745,0.10028542,0.14017913,0.19772075
2020-11-02,0.08494699,0.05635983,0.0826122,0.055954497,0.12772553,0.1354795,0.11940861,0.10734519,0.10456028,0.14238451,0.19791624
2020-11-09,0.08829049,0.05706598,0.08187113,0.060502607,0.1302761,0.14021066,0.11801597,0.10894158,0.107407995,0.14415611,0.20802017
2020-11-17,0.09124129,0.058720175,0.080181114,0.063447505,0.12917541,0.1461737,0.111582585,0.11303274,0.104628906,0.17100284,0.22779147
2020-11-24,0.09307752,0.06253373,0.07850042,0.068122916,0.12771438,0.1526994,0.1090586,0.115392275,0.11183422,0.18779108,0.22488996
2020-12-02,0.09908254,0.063899264,0.07865755,0.07077513,0.1217529,0.15634753,0.103790864,0.11880275,0.11842198,0.20675527,0.21761599
2020-12-09,0.10319225,0.06617008,0.07937345,0.07252455,0.115643546,0.1605266,0.09302604,0.12610383,0.11546809,0.2223025,0.22989161
2020-12-16,0.1075124,0.06735163,0.078869805,0.07402735,0.11422971,0.16032347,0.08628728,0.13274951,0.11519658,0.23807989,0.23172945
2020-12-23,0.108078465,0.07177124,0.07947426,0.0754978,0.10740221,0.16302146,0.079729006,0.13727663,0.11408146,0.25323102,0.22973289
2020-12-31,0.1119824,0.07389293,0.07799329,0.07684252,0.102486834,0.162137,0.07682024,0.14107329,0.11289458,0.2570518,0.22614974
2021-01-07,0.1160923,0.07555254,0.07498597,0.0764157,0.10114334,0.16399513,0.07413263,0.14235684,0.110645905,0.24638043,0.20882304
2021-01-14,0.11277297,0.075896114,0.07289777,0.076711886,0.10005865,0.16230911,0.070610076,0.14499299,0.11418721,0.25252134,0.22374383
2021-01-21,0.111074604,0.0788409,0.070147604,0.07879232,0.09967485,0.16191319,0.069658615,0.14729269,0.12158333,0.25602835,0.2233277
2021-01-29,0.111278795,0.084689245,0.06774696,0.081875965,0.10931985,0.16906635,0.07109644,0.14590985,0.12672502,0.258293,0.22767253
2021-02-05,0.11027542,0.08602877,0.06587562,0.08139348,0.110064425,0.1643692,0.06784581,0.14661124,0.13284348,0.28531358,0.23613195
2021-02-12,0.11232737,0.086666465,0.06506584,0.08152339,0.108738534,0.16564079,0.06898901,0.14454964,0.13357191,0.28453046,0.23034292
2021-02-19,0.11313191,0.086028345,0.06481812,0.08144188,0.10866854,0.1640013,0.07098363,0.14356788,0.1337639,0.28606805,0.22514203
2021-02-26,0.113265745,0.08722244,0.06498974,0.08405646,0.11642766,0.16366148,0.07225165,0.14178184,0.13227305,0.28643826,0.23119576
2021-03-05,0.114385925,0.085006714,0.06375039,0.084740296,0.1179311,0.16562468,0.07717235,0.13763426,0.1315977,0.27888653,0.2265845
2021-03-15,0.11255076,0.08404175,0.06411224,0.08645531,0.11668685,0.1646182,0.07951045,0.13195153,0.12957661,0.2669932,0.21839224
2021-03-22,0.11434415,0.08319103,0.06370207,0.08995722,0.117201,0.16761546,0.082997896,0.13010825,0.12407955,0.25450698,0.22065634
2021-03-30,0.11487158,0.083881505,0.06476189,0.091136776,0.12363864,0.16817442,0.08594599,0.12896554,0.1298123,0.2523383,0.21431357
2021-04-07,0.113733016,0.082582,0.06601587,0.091954514,0.122498795,0.16556181,0.08846211,0.12665488,0.13567653,0.252503,0.21412076
2021-04-15,0.11523716,0.08128586,0.066075005,0.09221615,0.12801836,0.1695045,0.09336888,0.12372001,0.1355508,0.22976197,0.19661468
2021-04-23,0.11888204,0.078983754,0.067274466,0.09212137,0.1261182,0.17134278,0.0942128,0.1221409,0.12836118,0.21253943,0.20126458
2021-04-30,0.11617928,0.07292039,0.06786034,0.08787941,0.114183374,0.16746444,0.08979435,0.12083395,0.12428016,0.21615116,0.21339805
2021-05-07,0.117084235,0.07328567,0.06851161,0.08886289,0.10907836,0.16745204,0.09197812,0.11851052,0.114561446,0.1929502,0.19409306
2021-05-17,0.115421616,0.07201152,0.068206765,0.091093995,0.11412072,0.16854586,0.09260791,0.119000554,0.114628896,0.17392448,0.1815138
2021-05-24,0.11664698,0.06994031,0.06682421,0.09088773,0.11212487,0.16978806,0.09194295,0.1199139,0.10584714,0.1560453,0.18800062
2021-05-31,0.11605446,0.06792183,0.066581935,0.08675226,0.10313202,0.16739984,0.0873583,0.12161247,0.10172297,0.14768681,0.19606759
2021-06-07,0.115445845,0.068952106,0.06862871,0.08668665,0.099167585,0.1662765,0.08474863,0.12334173,0.10394584,0.16441894,0.19655952
2021-06-14,0.11933831,0.06862564,0.068954006,0.085848905,0.09830512,0.16820142,0.08509365,0.1271233,0.108911745,0.18139763,0.19342431
2021-06-21,0.12038192,0.06783987,0.06885111,0.08558407,0.09647335,0.16385041,0.08243904,0.1275533,0.112248205,0.18180524,0.18394443
2021-06-28,0.12015474,0.06573423,0.06877433,0.08693814,0.08832347,0.15825687,0.08100832,0.12527959,0.10622421,0.17525886,0.17886423
2021-07-05,0.11826103,0.06326223,0.07115524,0.08800371,0.086569525,0.16059205,0.079721354,0.1247092,0.1034431,0.16992757,0.17289801
2021-07-12,0.11722167,0.059904143,0.07260594,0.08730177,0.08164249,0.1570256,0.078870274,0.122656,0.10047061,0.1677699,0.16785482
2021-07-19,0.112263836,0.056457415,0.073445834,0.08572241,0.078950666,0.15444356,0.07719068,0.12035732,0.098820955,0.16664101,0.16291004
2021-07-27,0.113921426,0.055840515,0.07492327,0.08795474,0.07645023,0.14944251,0.079174206,0.11757282,0.09570611,0.15876423,0.1467363
2021-08-03,0.11391116,0.052443877,0.07569672,0.08726509,0.07656562,0.15687348,0.078255974,0.116346985,0.09663215,0.15242553,0.14561436
2021-08-10,0.11532517,0.05234186,0.075826384,0.084523484,0.071928225,0.153842,0.07710211,0.11721393,0.094921105,0.14960933,0.15742901
2021-08-17,0.11620155,0.05263471,0.076271966,0.08462979,0.07047824,0.15126912,0.07558437,0.11686084,0.10094661,0.16311923,0.1605117
2021-08-25,0.11813824,0.051295586,0.0758082,0.08599819,0.06935329,0.15108778,0.07752738,0.117881425,0.10498441,0.16852783,0.1475341
2021-09-01,0.11860878,0.05010456,0.07406399,0.08472309,0.069531046,0.1480261,0.078619316,0.118889004,0.10327761,0.15732688,0.14985418
2021-09-08,0.11606845,0.050534476,0.07330424,0.084129,0.06755061,0.14822741,0.07639189,0.1182851,0.10187804,0.16026329,0.16748886
2021-09-16,0.11599397,0.05051099,0.07366577,0.0802808,0.066759415,0.15149571,0.07551853,0.118928924,0.10208483,0.17407778,0.17138316
2021-09-23,0.11812292,0.05164399,0.074027576,0.079184316,0.072219245,0.16233729,0.07627626,0.12319319,0.107943974,0.19596057,0.17198434
2021-09-30,0.123189166,0.05460582,0.06996282,0.079099745,0.07272751,0.1620824,0.077318065,0.12449198,0.10520574,0.20167354,0.17727032
2021-10-07,0.12417994,0.05844813,0.070249915,0.08120509,0.07159416,0.16071488,0.07610793,0.126653,0.103482224,0.20571478,0.1803204
2021-10-14,0.12542619,0.062066402,0.06924173,0.08145329,0.07296732,0.16509502,0.07457944,0.13086282,0.10394934,0.2044671,0.19738154
2021-10-22,0.12490023,0.06446568,0.06825879,0.08056678,0.07280377,0.16517954,0.07164791,0.13615161,0.10621422,0.22277269,0.20497464
2021-10-29,0.12713216,0.068202145,0.06751465,0.08458802,0.075755045,0.16608582,0.07316584,0.14045663,0.10737851,0.24260047,0.20718655
2021-11-08,0.1278631,0.06837407,0.06928476,0.0867064,0.079573676,0.16783407,0.0741906,0.13790594,0.109859005,0.24632026,0.1962739
2021-11-15,0.12873489,0.067000456,0.06894232,0.087307796,0.079188034,0.17008135,0.07719139,0.13729556,0.10575343,0.238908,0.18132299
2021-11-23,0.12733266,0.06911611,0.06994178,0.08957959,0.08014154,0.1636808,0.07807015,0.13504569,0.10129389,0.22043495,0.18365766
2021-11-30,0.13157347,0.07239566,0.07046971,0.09381214,0.08365748,0.16817814,0.0805309,0.13203122,0.14144039,0.22481023,0.17759603
2021-12-07,0.13082506,0.07278327,0.070120715,0.095054984,0.09029048,0.17165817,0.08201092,0.13088115,0.18567915,0.22604173,0.16838565
2021-12-14,0.12807538,0.07072874,0.068683766,0.09506471,0.087921366,0.17242585,0.082213126,0.1312799,0.18471934,0.23270744,0.16960114
2021-12-21,0.12769945,0.07300617,0.06890824,0.097421356,0.08502426,0.16472094,0.082255155,0.13088025,0.18138045,0.21690537,0.17802165
2021-12-28,0.12370142,0.07292687,0.072584555,0.09631171,0.0835674,0.15958123,0.08060983,0.13063116,0.19181785,0.2169358,0.18683249
2022-01-04,0.12419805,0.07210005,0.07093234,0.09275883,0.08127367,0.16688894,0.08040848,0.1312011,0.1926438,0.22466709,0.19681591
2022-01-11,0.12419998,0.07169054,0.070748635,0.09223088,0.078649156,0.16365512,0.08057065,0.12978736,0.19449951,0.24736795,0.19689706
2022-01-18,0.12562928,0.070622526,0.0704686,0.09119645,0.080038294,0.1676247,0.080517575,0.12854208,0.19477133,0.25026453,0.2007087
2022-01-25,0.12832227,0.07231379,0.070509836,0.09049358,0.07514598,0.16314143,0.08190973,0.12750705,0.19739683,0.25352207,0.19931394
2022-02-02,0.12935881,0.0728838,0.06857778,0.08968968,0.07050702,0.16445681,0.083552115,0.12901469,0.2401521,0.27599,0.2084119
2022-02-09,0.12709194,0.0742183,0.069599025,0.09063342,0.0697196,0.16861857,0.081061505,0.12901928,0.2448354,0.29134792,0.22773308
2022-02-16,0.12698208,0.07209875,0.0689881,0.09030676,0.07106678,0.17308043,0.081225805,0.13154939,0.25133577,0.31017393,0.23042946
2022-02-23,0.12263278,0.06936231,0.06981691,0.08915427,0.068005994,0.16945933,0.07844056,0.13299946,0.21001731,0.30108806,0.22811122
2022-03-03,0.12754798,0.072546385,0.070241414,0.09023468,0.06536136,0.16638523,0.08092512,0.13300374,0.20559876,0.29828447,0.2293805
2022-03-10,0.13034552,0.075991675,0.07009876,0.09088169,0.07174222,0.16487919,0.08360811,0.13159485,0.24314159,0.2918448,0.2306881
2022-03-17,0.12677063,0.07251149,0.06851543,0.08692034,0.07277025,0.16920798,0.08211286,0.13084817,0.25013882,0.31348944,0.2506255
2022-03-25,0.12837206,0.072843835,0.066520885,0.087915264,0.07718773,0.17028813,0.08323767,0.13104932,0.24037239,0.32745424,0.25163224
2022-04-01,0.12954786,0.07235367,0.066789374,0.08837391,0.077986866,0.16085236,0.08376821,0.13173781,0.24303246,0.33290854,0.24493437
2022-04-08,0.1302958,0.07315011,0.06761826,0.08933697,0.07818022,0.15837045,0.085254595,0.13248976,0.2411406,0.3308573,0.23834068
2022-04-19,0.13184133,0.07656259,0.067405745,0.09357605,0.07664404,0.16162445,0.0889069,0.13157335,0.24326304,0.32686615,0.22896942
2022-04-26,0.1287339,0.0746112,0.06666615,0.09224005,0.08095041,0.16102487,0.087051444,0.13131276,0.25819048,0.3318477,0.22990116
2022-05-04,0.12811102,0.074876994,0.06679681,0.09416161,0.085676946,0.15978548,0.086954035,0.13202924,0.24721809,0.32643116,0.21653846
2022-05-11,0.13264512,0.07718538,0.06604603,0.09493085,0.093054615,0.16081096,0.088052325,0.12980779,0.2923771,0.32087564,0.21254247
2022-05-18,0.13637821,0.07840978,0.06498961,0.094282836,0.09743058,0.165798,0.088266276,0.1266964,0.32506812,0.32057604,0.21152778
2022-05-25,0.13485701,0.07748508,0.06368531,0.09364445,0.099347025,0.16808315,0.08804785,0.12700593,0.35222748,0.3343269,0.21772274
2022-06-01,0.12887199,0.07319906,0.063482866,0.09144947,0.098481305,0.1663618,0.08433408,0.13037516,0.31322086,0.3395967,0.2234457
2022-06-08,0.12711352,0.0714883,0.06412549,0.09172547,0.09330925,0.1666469,0.08180341,0.13226609,0.27798656,0.3373041,0.22254157
2022-06-15,0.13023104,0.073723786,0.06540434,0.0953069,0.09139204,0.17041782,0.081643544,0.13197298,0.27224347,0.3229054,0.20688932
2022-06-22,0.13337372,0.07529457,0.0645596,0.09714368,0.09129935,0.17891723,0.082397416,0.13004959,0.3171854,0.31955272,0.19777583
2022-06-29,0.13109009,0.073871516,0.06405582,0.09644083,0.0919689,0.18037587,0.0801763,0.13314041,0.34116375,0.32492158,0.20674197
2022-07-06,0.1321667,0.07135221,0.06211404,0.09719562,0.09497045,0.18531452,0.08097598,0.13149163,0.34092957,0.32289025,0.19742952
2022-07-13,0.12943992,0.068785004,0.061850462,0.09258369,0.09390349,0.18086912,0.07726002,0.13322952,0.3361139,0.31947887,0.19808434
2022-07-20,0.12917951,0.06746522,0.062226113,0.08998695,0.09139833,0.1808713,0.07607453,0.13303612,0.31800452,0.30051824,0.1993533
2022-07-27,0.12688716,0.06666674,0.06338081,0.085924365,0.08533377,0.17966667,0.07307421,0.13402666,0.28450218,0.29882094,0.20664725
2022-08-03,0.12074291,0.06489881,0.06541041,0.083191425,0.07913662,0.17567578,0.07144582,0.13672492,0.23259039,0.3051122,0.21717383
2022-08-11,0.11864323,0.06433027,0.06716193,0.08180655,0.071569726,0.17285877,0.070503995,0.13862377,0.19353129,0.30503985,0.22302072
2022-08-19,0.1195945,0.065705806,0.0678806,0.08040189,0.07079379,0.16951679,0.06963121,0.13899568,0.1690993,0.30741024,0.22863284
2022-08-26,0.12365706,0.06797515,0.068814084,0.084634155,0.06830248,0.17086631,0.07048449,0.13289325,0.17074864,0.29725394,0.21673757
2022-09-05,0.12287306,0.06765679,0.07030587,0.08537141,0.0686639,0.17351975,0.071601294,0.13216396,0.16425881,0.28186637,0.21122196
2022-09-12,0.119846344,0.066325836,0.07003988,0.08281909,0.06744407,0.16590519,0.07052576,0.13123684,0.16414036,0.2685025,0.21509926
2022-09-19,0.115948066,0.06490105,0.070213206,0.082418695,0.06475023,0.15832663,0.07025323,0.1339018,0.12205745,0.2564243,0.21869057
2022-09-26,0.117442764,0.069119014,0.07184068,0.0863437,0.06542294,0.16019948,0.07334941,0.13174832,0.09504295,0.23679861,0.20811768
2022-10-03,0.12013258,0.073727824,0.071215816,0.08821697,0.06588668,0.16342595,0.07369681,0.12975372,0.14140455,0.23915033,0.21419723
2022-10-11,0.121157005,0.07178736,0.070239685,0.089006156,0.068110175,0.16652226,0.07413033,0.12843698,0.16154084,0.25012878,0.21742216
2022-10-18,0.11937629,0.07090327,0.07144268,0.0900545,0.06610996,0.1634428,0.07285734,0.12993422,0.16115265,0.2674907,0.21977215
2022-10-25,0.12091818,0.07052185,0.070602186,0.09026919,0.065130346,0.16318037,0.07382639,0.13003522,0.16181134,0.26129928,0.2247699
2022-11-02,0.12133743,0.07037771,0.070003524,0.09059947,0.06464032,0.15923852,0.073513895,0.13068381,0.1667594,0.25994217,0.22054006
2022-11-10,0.1191804,0.06941878,0.06893729,0.09092184,0.06578167,0.15797949,0.07254602,0.12953505,0.16933703,0.25946113,0.21945742
2022-11-17,0.11976894,0.06894911,0.06874583,0.090316944,0.064133294,0.1590239,0.0735792,0.12959728,0.17028329,0.26104373,0.21325183
2022-11-24,0.11718025,0.06806547,0.06860121,0.08817918,0.06424131,0.15608905,0.07272403,0.1304765,0.16782548,0.2505246,0.21775721
2022-12-01,0.11732605,0.067962065,0.06898851,0.08690715,0.0628591,0.15185119,0.06908442,0.13141683,0.17023118,0.25076693,0.23295322
2022-12-08,0.12139755,0.06756767,0.067690544,0.08773709,0.06402626,0.1493609,0.07124833,0.13147108,0.17187166,0.2545992,0.21757928
2022-12-15,0.12129474,0.06712233,0.06991073,0.08838852,0.061724517,0.1497189,0.07024734,0.12764977,0.17050621,0.25192162,0.20599443
2022-12-22,0.121194415,0.065556996,0.07110768,0.08810535,0.060561586,0.1457226,0.068954684,0.12616323,0.17859803,0.24923326,0.20243697
2022-12-29,0.119807795,0.06275048,0.07322418,0.08674968,0.057184983,0.14339298,0.067233235,0.12764798,0.17473173,0.24172728,0.19778489
2023-01-05,0.119583696,0.06378035,0.07469018,0.08704754,0.05508956,0.14058398,0.06827792,0.12729228,0.15549858,0.2219835,0.18937288
2023-01-12,0.12232151,0.06486981,0.0739522,0.08901972,0.056154255,0.14615655,0.070664965,0.12654047,0.1572904,0.20155412,0.18411477
2023-01-19,0.121017925,0.064530104,0.076191165,0.08980342,0.056504834,0.14359502,0.07032258,0.12646362,0.16030008,0.18622138,0.1705363
2023-01-27,0.12258239,0.06491487,0.0767812,0.08996436,0.057605457,0.1439945,0.0725666,0.125028,0.1582776,0.1621591,0.15810044
2023-02-03,0.12693085,0.06475556,0.07749513,0.091307096,0.06409911,0.1516383,0.076387666,0.1240739,0.15893741,0.14740373,0.15520741
2023-02-10,0.12794782,0.06384137,0.07760525,0.092232294,0.06569888,0.15275818,0.076398104,0.12358569,0.15814403,0.1293514,0.14864518
2023-02-17,0.12751327,0.06328312,0.07774488,0.09053674,0.06390038,0.1522191,0.076115154,0.12523828,0.15454392,0.1271076,0.14349407
2023-02-24,0.13027558,0.06432445,0.077658005,0.09344558,0.062928244,0.1544188,0.079472356,0.12148737,0.1552647,0.12547201,0.1322703
2023-03-03,0.12846164,0.065660805,0.0793433,0.09445035,0.0654042,0.16038257,0.07981198,0.12149962,0.17647566,0.12815936,0.13781232
2023-03-13,0.1293693,0.06626698,0.0774201,0.092185214,0.06486806,0.16168705,0.081371084,0.12509997,0.17800996,0.13367389,0.14664742
2023-03-20,0.13339642,0.066641934,0.075083874,0.09314544,0.06752951,0.16777271,0.08236371,0.12429374,0.2117593,0.1501289,0.15305029
2023-03-27,0.1321829,0.064912036,0.07464576,0.09201886,0.06753588,0.16155396,0.081059895,0.1261184,0.1857366,0.14207138,0.15300186
2023-04-05,0.1311944,0.06338564,0.07488848,0.09239703,0.06868959,0.16452098,0.079189785,0.12717602,0.1857392,0.15240048,0.16385965
2023-04-13,0.12938584,0.06287747,0.07310179,0.089071795,0.07036005,0.15882364,0.07661177,0.12725893,0.18467374,0.1621469,0.17674841
2023-04-21,0.13369626,0.063686155,0.07114407,0.0908557,0.07043483,0.1666344,0.07788303,0.12487097,0.18735503,0.18400504,0.17464632
2023-04-28,0.13386679,0.06236805,0.069912,0.09040372,0.07157551,0.16441147,0.076370485,0.12808803,0.18669827,0.20210974,0.17510904
2023-05-08,0.12807757,0.06348703,0.06919778,0.08709295,0.064797744,0.15530331,0.07224704,0.13187362,0.18109441,0.2010863,0.17909275
2023-05-15,0.13126211,0.0647344,0.06760033,0.08562503,0.06294414,0.15711157,0.072290525,0.13212232,0.1798935,0.20478037,0.17329842
2023-05-22,0.13231918,0.0654614,0.06710275,0.088081084,0.064143285,0.15502065,0.07117855,0.13192277,0.18258421,0.20377661,0.17521344
2023-05-29,0.12810472,0.06333448,0.06604336,0.08516015,0.0638575,0.15359573,0.07067562,0.1332081,0.18088268,0.20142892,0.17882705
2023-06-05,0.12963009,0.062263742,0.06431598,0.08458999,0.061591033,0.14736249,0.068635985,0.1327062,0.1593913,0.19489495,0.18030116
2023-06-12,0.13117366,0.060218934,0.06432614,0.08566863,0.06525262,0.14500813,0.06701412,0.13100825,0.15812854,0.19046932,0.17471525
2023-06-19,0.12806611,0.057944257,0.06442338,0.08345881,0.060479287,0.13949123,0.065638915,0.13264851,0.11917518,0.17108884,0.1674394
2023-06-26,0.1281988,0.059736047,0.06519439,0.08515887,0.060877223,0.13797008,0.0658099,0.12935165,0.106092356,0.16301677,0.16360694
2023-07-04,0.12703185,0.061378583,0.066130444,0.083815835,0.06103105,0.1351655,0.06624611,0.12846269,0.10511089,0.15059477,0.16588224
2023-07-11,0.12842315,0.06102265,0.06707161,0.08407461,0.05950222,0.13422652,0.06718004,0.12989444,0.10897256,0.15462597,0.15456365
2023-07-18,0.12536551,0.060802657,0.067238905,0.083248116,0.061292216,0.13012902,0.065351434,0.13268909,0.1065267,0.15551104,0.1602839
2023-07-25,0.12425242,0.061520454,0.06728773,0.08366991,0.058254138,0.13030075,0.065706104,0.13240771,0.11001111,0.15828402,0.16506995
2023-08-01,0.1287625,0.061694395,0.0668849,0.088094816,0.0601561,0.130672,0.06725306,0.12764297,0.11452211,0.15670551,0.15575789
2023-08-08,0.12374184,0.062539786,0.07057965,0.09211249,0.060624473,0.12520286,0.06775192,0.12653834,0.113870695,0.15026589,0.1641209
2023-08-16,0.123837225,0.06048816,0.0715113,0.09199821,0.06285017,0.12544712,0.07003159,0.1261764,0.116551265,0.146264,0.16329344
2023-08-23,0.12632133,0.0600994,0.07341306,0.09458828,0.0652196,0.124584116,0.06990842,0.12728089,0.116403885,0.15105662,0.15781856
2023-08-30,0.12478345,0.05849843,0.075040124,0.09541199,0.06484608,0.12578437,0.07138223,0.12828153,0.121303074,0.15092757,0.15284093
2023-09-06,0.123122215,0.05923218,0.07543424,0.09319122,0.066481814,0.12765165,0.071894355,0.12716055,0.12242136,0.14371617,0.15411724
2023-09-13,0.121146984,0.059733,0.075429186,0.09158726,0.06798004,0.12983511,0.070599146,0.12880048,0.12012624,0.14660524,0.17452104
2023-09-21,0.12003045,0.061372805,0.07485248,0.09052429,0.065569736,0.13540499,0.07253301,0.1312661,0.12182479,0.17090301,0.18226649
2023-09-28,0.124648094,0.06211396,0.07373229,0.0945959,0.06387926,0.13836603,0.07392971,0.1293219,0.12378434,0.18280044,0.16961809
2023-10-06,0.12253105,0.06178816,0.075514585,0.095563084,0.062790275,0.13694933,0.074575186,0.12571499,0.12424838,0.17166069,0.1686175
2023-10-13,0.122472085,0.06169672,0.07636991,0.09383886,0.05955618,0.13822128,0.07582665,0.12413105,0.12447414,0.16117638,0.16778246
2023-10-20,0.12163864,0.06120448,0.07833374,0.0944148,0.06063016,0.14052463,0.075436205,0.117598526,0.11814332,0.141676,0.16006714
2023-10-30,0.1206156,0.063858025,0.08003979,0.09433782,0.058734946,0.13752022,0.076886944,0.11982112,0.13514242,0.1502157,0.16669896
2023-11-06,0.11929701,0.06073935,0.07870204,0.090921,0.057998665,0.13716546,0.07376106,0.12118956,0.17445545,0.17310235,0.16543277
2023-11-13,0.11916442,0.059861604,0.076766945,0.08813464,0.055863548,0.14102156,0.07225968,0.12105104,0.17151466,0.1933393,0.17255498
2023-11-21,0.116277464,0.061056897,0.07407056,0.083974406,0.054907557,0.13791926,0.07050551,0.121772684,0.17285632,0.20225827,0.18178624
2023-11-29,0.117268294,0.061793692,0.0731497,0.080887824,0.05621353,0.14065637,0.069625854,0.121615134,0.16864906,0.22846733,0.18350455
2023-12-06,0.11501886,0.06322864,0.07343689,0.081508406,0.05334669,0.14030331,0.068077676,0.12531027,0.16700548,0.25530565,0.20151733
2023-12-13,0.11812787,0.063401274,0.07280888,0.08196108,0.052708104,0.13829838,0.06879473,0.12364824,0.16922933,0.27187005,0.19179083
2023-12-20,0.11782726,0.062259756,0.07295472,0.0805317,0.054603294,0.13336015,0.06810437,0.12300828,0.16514114,0.27104074,0.20268421
2023-12-28,0.11518767,0.06162698,0.073162764,0.077314265,0.05541618,0.1281789,0.06726825,0.12474059,0.16887955,0.27400985,0.20702454
2024-01-04,0.116806366,0.06375236,0.07169933,0.07779412,0.05639027,0.13149343,0.067051224,0.12584448,0.16516265,0.28967875,0.21380298
2024-01-11,0.11920333,0.063859545,0.07085392,0.08170816,0.059753276,0.12865008,0.06665574,0.1236746,0.1616055,0.2861773,0.21188763
2024-01-18,0.11888903,0.063858904,0.06841502,0.08196909,0.06239617,0.1339235,0.06830635,0.12700003,0.16605695,0.29050955,0.21689515
2024-01-29,0.11762591,0.061738133,0.06911708,0.081494644,0.06693408,0.14069423,0.06834207,0.12738194,0.14615665,0.28517592,0.21806973
2024-02-05,0.11834679,0.06336368,0.06813932,0.08251289,0.07032315,0.14355841,0.071899585,0.12667559,0.10679509,0.2653733,0.22399868
2024-02-12,0.11854335,0.06658909,0.06932331,0.08602944,0.07325978,0.14176145,0.07417825,0.12781473,0.10526338,0.24774127,0.22500199
2024-02-19,0.12093177,0.06733147,0.07062814,0.08956831,0.07681687,0.14202063,0.074844725,0.12607881,0.10282109,0.24064317,0.22319554
2024-02-26,0.12083754,0.06825562,0.07025216,0.09041095,0.07820814,0.13936907,0.07466186,0.12727912,0.100496314,0.21978965,0.22810443
2024-03-04,0.1251172,0.06864331,0.069134116,0.09408685,0.07877376,0.1425376,0.076176845,0.12525079,0.102790706,0.19841598,0.21157256
2024-03-12,0.12577142,0.06925534,0.06825699,0.09475769,0.08107545,0.14715146,0.07733127,0.12417163,0.10074027,0.18400408,0.20735312
2024-03-19,0.12746528,0.07148378,0.06872625,0.09890892,0.09034481,0.15096974,0.0809838,0.12522137,0.104322776,0.16516961,0.19839567
2024-03-27,0.1288313,0.07091592,0.06881651,0.100919075,0.09613812,0.15069096,0.08138161,0.124249555,0.10449913,0.15218636,0.19919366
2024-04-04,0.12728791,0.06890035,0.0681407,0.10009163,0.09891668,0.15409508,0.08156449,0.12401751,0.10205011,0.14186923,0.2102674
2024-04-12,0.12649149,0.06915546,0.06789389,0.09695394,0.09598313,0.15688054,0.08336494,0.1273354,0.104901545,0.14644673,0.21106735
2024-04-22,0.12915577,0.07142915,0.06952229,0.09893965,0.09592468,0.152253,0.08237481,0.12791419,0.10288763,0.15767819,0.21138772
2024-04-29,0.12712812,0.06956722,0.06803014,0.095518775,0.09267878,0.14647336,0.07953608,0.12678371,0.10150509,0.16154768,0.21696827
2024-05-07,0.13088197,0.07134681,0.0676583,0.09775143,0.089352496,0.14416082,0.08040382,0.12496828,0.10389602,0.15814127,0.2090259
2024-05-14,0.13276888,0.07168306,0.06843605,0.09843646,0.08778736,0.14549677,0.08069794,0.12394101,0.11073389,0.16142552,0.20510986
2024-05-22,0.1325266,0.07036748,0.06815349,0.09750784,0.08805512,0.15354374,0.08017264,0.12496293,0.11365916,0.16496563,0.2195972
2024-05-29,0.13067776,0.07030825,0.06753805,0.09706914,0.08437949,0.1579151,0.07981691,0.12464351,0.11267889,0.18034904,0.22493243
2024-06-05,0.1296844,0.07241155,0.068157956,0.09620691,0.087259196,0.15903799,0.081741236,0.12486277,0.11058556,0.19954409,0.22467238
2024-06-12,0.12715203,0.07205439,0.069348045,0.09588478,0.09046577,0.160081,0.08111644,0.12514672,0.109854676,0.21801667,0.23502009
2024-06-20,0.12750433,0.06993342,0.06842927,0.09178211,0.08037576,0.16071664,0.07712075,0.124283895,0.1089087,0.23714797,0.23857732
2024-06-27,0.12674461,0.070727386,0.06823891,0.08899675,0.07921986,0.16433091,0.07732932,0.12625836,0.10766163,0.25397617,0.23790948
2024-07-04,0.12793261,0.072341055,0.06822096,0.0876986,0.07838374,0.1642349,0.07584414,0.12721573,0.10682824,0.26600555,0.2367695
2024-07-11,0.12719117,0.07146587,0.068522505,0.08853723,0.08248522,0.16238983,0.07505249,0.1264377,0.10845284,0.27455112,0.24007852
2024-07-19,0.12707528,0.070585966,0.06864094,0.08630926,0.08124382,0.16145381,0.07429389,0.12818344,0.1109055,0.27988687,0.24042301
2024-07-26,0.13035192,0.07142291,0.068493105,0.089792095,0.08084599,0.17433387,0.07631131,0.1262622,0.11381023,0.28075108,0.23015764
2024-08-02,0.12815143,0.07077858,0.06810999,0.0895981,0.08257761,0.17597179,0.074432224,0.1287007,0.113268144,0.28308323,0.2414842
2024-08-09,0.12928574,0.07057081,0.06739378,0.08897221,0.086670905,0.17976236,0.07468578,0.12959607,0.12751353,0.2957665,0.24527213
2024-08-19,0.12987418,0.0703474,0.06540082,0.08885148,0.08672526,0.1760332,0.07653239,0.1308817,0.1407946,0.31286356,0.23368791
2024-08-26,0.12834111,0.06946521,0.06575528,0.088811666,0.086753756,0.17111917,0.07536642,0.13111149,0.13957377,0.3179227,0.23649937
2024-09-02,0.127454,0.066765904,0.065190606,0.086272456,0.084769614,0.16622628,0.07063354,0.1318315,0.13900821,0.31905356,0.2489373
2024-09-09,0.13100313,0.067618445,0.06555651,0.08753335,0.08162382,0.16523652,0.07111433,0.13169658,0.1434431,0.31527385,0.23736875
2024-09-16,0.12852429,0.06628504,0.06486223,0.08919741,0.08269887,0.1690624,0.07093862,0.12774703,0.1400403,0.30721816,0.23755762
2024-09-23,0.12889269,0.06643714,0.06374052,0.089880474,0.078406624,0.16832857,0.069499046,0.12708904,0.13600704,0.29529765,0.24263947
2024-09-30,0.1285595,0.06709643,0.06495204,0.09155395,0.077490434,0.1675541,0.07110091,0.12804706,0.13733695,0.29477176,0.2415502
2024-10-08,0.13081238,0.07122108,0.06626599,0.09435716,0.07676034,0.170084,0.07382858,0.12798424,0.14534333,0.2938822,0.241575
2024-10-15,0.13256833,0.0693065,0.06430992,0.09458225,0.07833076,0.17464717,0.07306499,0.12512945,0.18739916,0.29148108,0.23748063
2024-10-22,0.13192418,0.06979743,0.06374615,0.09430209,0.080665976,0.16278419,0.07159682,0.12790152,0.23726791,0.29657355,0.23683357
2024-10-29,0.13599782,0.070234306,0.06420439,0.09458192,0.08277805,0.16294819,0.07260104,0.12471738,0.2792241,0.30889684,0.22726421
2024-11-05,0.13338917,0.06941788,0.06386762,0.09312315,0.085898705,0.1568111,0.06999195,0.12515481,0.31066954,0.31417143,0.2204351
2024-11-12,0.13359314,0.07125539,0.064596824,0.09477675,0.088121854,0.15727593,0.0710629,0.12431097,0.31209296,0.3094645,0.21053655
2024-11-21,0.14032856,0.07496277,0.06445929,0.09764619,0.09348247,0.16524675,0.07478173,0.12189377,0.36160257,0.3056497,0.20121755
2024-11-28,0.13885769,0.07351765,0.06414263,0.09733892,0.09459743,0.16817059,0.07645791,0.12132495,0.38172215,0.3104715,0.2127895
2024-12-05,0.13654284,0.07245396,0.06448014,0.09606846,0.09330496,0.1689082,0.07587715,0.12488893,0.3782409,0.31185463,0.2124191
2024-12-12,0.1384544,0.07278331,0.06449054,0.0944298,0.09225091,0.16779938,0.07642747,0.12814885,0.38198107,0.32009727,0.20980972
2024-12-19,0.14004533,0.073819265,0.06572928,0.096760914,0.09287838,0.17068128,0.079655975,0.12832232,0.38637158,0.32760933,0.19953531
2024-12-27,0.1438717,0.07429728,0.065334275,0.09792376,0.09221259,0.1744102,0.080710284,0.12429849,0.41944417,0.32912052,0.18471403
2025-01-03,0.14153978,0.06980954,0.06346716,0.094321296,0.09322103,0.1708959,0.07676067,0.12345251,0.44342124,0.32891095,0.18346837
2025-01-10,0.1409432,0.07164916,0.063926,0.095319934,0.091640756,0.17408611,0.07845116,0.12395297,0.40872484,0.3289756,0.18407334
2025-01-17,0.14303353,0.0721206,0.064309075,0.09571567,0.09294917,0.17591885,0.07928692,0.122563705,0.40507308,0.33730608,0.1841006
2025-01-24,0.13916653,0.07101352,0.06451291,0.094780535,0.092809536,0.17303506,0.07769195,0.12547386,0.39421082,0.34218663,0.1866026
2025-01-31,0.13777436,0.0703872,0.064684525,0.09425446,0.08684082,0.17379516,0.077997245,0.12723748,0.368976,0.3378571,0.19389245
2025-02-06,0.13674846,0.06923392,0.06441058,0.091435626,0.08182093,0.17341115,0.077786654,0.12716013,0.35479772,0.324249,0.20780651
2025-02-13,0.13569154,0.06819205,0.064303614,0.09167779,0.076364405,0.17171402,0.07801357,0.12720458,0.30933377,0.3083885,0.20266055
2025-02-20,0.14007217,0.068922594,0.06548826,0.09543781,0.071820155,0.17537649,0.07888313,0.124742195,0.29759678,0.29759905,0.17877637
2025-02-28,0.1430531,0.07108084,0.064682774,0.09857256,0.074480146,0.1763255,0.080803424,0.120035514,0.34646893,0.29637852,0.17983226
2025-03-07,0.14512993,0.0710927,0.06366936,0.10047023,0.07996755,0.17384802,0.081203066,0.117623776,0.38353774,0.2949001,0.18006876
2025-03-17,0.14204755,0.0676982,0.0625479,0.099556774,0.08443137,0.16960727,0.07916498,0.11990843,0.3857078,0.29989192,0.1890695
2025-03-24,0.13688162,0.06465106,0.062115736,0.09732563,0.08455448,0.16633953,0.07860632,0.123289675,0.3522582,0.30292445,0.20454478
2025-04-01,0.13703674,0.06672594,0.063782774,0.0984673,0.08400289,0.1677377,0.08055146,0.12501003,0.31657192,0.30323735,0.20984547
2025-04-08,0.13710262,0.068376414,0.06489863,0.09881,0.08677664,0.15906984,0.08268658,0.124615826,0.31313822,0.30550608,0.21561083
2025-04-17,0.1339307,0.0674981,0.06458373,0.09621284,0.08410688,0.1588886,0.08257987,0.12459281,0.2950788,0.30540085,0.23494214
2025-04-25,0.1322137,0.06849951,0.066447005,0.09397842,0.07898569,0.1577475,0.083276145,0.12523748,0.2604985,0.30320683,0.2411604
2025-05-05,0.13428977,0.06905429,0.06735708,0.09376245,0.076107435,0.16123952,0.085511394,0.12342582,0.23721868,0.30439883,0.23628396
2025-05-12,0.1354836,0.0706365,0.06966874,0.09546654,0.07776066,0.1561884,0.08562343,0.124326795,0.23993573,0.3177657,0.2259688
2025-05-19,0.13227667,0.06991174,0.071306534,0.09309554,0.079976045,0.15322451,0.0833564,0.12816185,0.2366461,0.33316973,0.23349756
2025-05-26,0.13105886,0.07107686,0.07196095,0.09094205,0.08292718,0.14719579,0.08499428,0.13110758,0.2317104,0.3352929,0.22980079
2025-06-02,0.12844087,0.06952626,0.07195273,0.09072365,0.08486336,0.14800929,0.082782656,0.13351132,0.18355505,0.33429262,0.22494839
2025-06-09,0.12438698,0.070358396,0.074748755,0.09075029,0.08349884,0.1477593,0.081806846,0.13559192,0.14524795,0.3202735,0.22314392
2025-06-16,0.12575485,0.073387295,0.07498329,0.09132666,0.07892405,0.14688535,0.08245029,0.13251075,0.1409507,0.3053789,0.22775896
2025-06-23,0.12693824,0.07344739,0.075356446,0.09343857,0.077285476,0.1434949,0.08223888,0.12974958,0.1408934,0.28042713,0.21435852
2025-06-30,0.124203406,0.07170848,0.07393612,0.09184035,0.074730866,0.14183497,0.08022856,0.13004276,0.13841192,0.27409062,0.22086163
2025-07-07,0.12317768,0.068662554,0.07221797,0.0899695,0.07319132,0.14477731,0.077162184,0.13020046,0.13759667,0.27326995,0.21931802
2025-07-14,0.1250786,0.06823299,0.07193585,0.09186102,0.07306428,0.14384153,0.07624519,0.13159905,0.11038399,0.2630634,0.19787385
2025-07-21,0.12717813,0.066473566,0.07196415,0.094926596,0.07646778,0.14418,0.07643496,0.12848106,0.1191856,0.24796565,0.18399762
2025-07-28,0.12654838,0.06678484,0.07170542,0.09656882,0.07900069,0.1434271,0.07606272,0.12736091,0.124944024,0.23250587,0.18398924
2025-08-04,0.12802213,0.06714401,0.07123439,0.098093815,0.07934247,0.14573498,0.075182274,0.12623045,0.14759924,0.21841939,0.17870171
2025-08-11,0.12747182,0.0673738,0.07191699,0.10076607,0.08153076,0.14887111,0.07591474,0.12321945,0.15253983,0.20289591,0.17696197
2025-08-19,0.12524137,0.06453241,0.07062861,0.099817045,0.079974025,0.14885613,0.07474185,0.12285161,0.15505764,0.1914431,0.1843781
2025-08-26,0.12528448,0.06559626,0.0697933,0.097686775,0.07679155,0.14246675,0.076064415,0.12215914,0.15606412,0.1799293,0.19268046
2025-09-03,0.1281173,0.06714406,0.069806255,0.10010393,0.075078495,0.14269148,0.077480264,0.121945634,0.15450062,0.17697097,0.19084077
2025-09-10,0.1281467,0.066004656,0.06966564,0.09799862,0.073384546,0.1436566,0.07623172,0.12041106,0.15294316,0.17730425,0.18399516
2025-09-17,0.1271645,0.06758821,0.068900086,0.09593217,0.07393585,0.1434262,0.07399027,0.12186245,0.15335535,0.18547522,0.18675502
2025-09-24,0.12963615,0.0681213,0.0691417,0.0971152,0.07544982,0.14495763,0.07486002,0.120646365,0.15960123,0.19315313,0.17337361
2025-10-01,0.1322193,0.069833376,0.07016556,0.10022198,0.078425564,0.15166365,0.07655521,0.12021339,0.15875039,0.1841833,0.1705818
2025-10-09,0.12904683,0.06964829,0.070791386,0.09753636,0.07726608,0.14948866,0.07609121,0.11980793,0.16034599,0.1854748,0.18824741
2025-10-16,0.12786679,0.06998673,0.069338076,0.09528224,0.076706685,0.15436259,0.07646607,0.12181315,0.15368818,0.18852238,0.19323806
2025-10-24,0.1261874,0.06926141,0.068464704,0.09194982,0.07707153,0.15072723,0.07443406,0.12441205,0.14417754,0.20561603,0.2048259
2025-10-31,0.12480079,0.068166405,0.06844354,0.08951796,0.0754317,0.15374352,0.073952906,0.12377907,0.12185559,0.21604384,0.20683065
2025-11-10,0.12661116,0.06715942,0.067238055,0.09010296,0.073289916,0.14992234,0.07296498,0.122033216,0.11893208,0.23110159,0.20316009
2025-11-17,0.12718879,0.068496466,0.068024084,0.08900856,0.07711151,0.14852269,0.07243967,0.12073684,0.11539998,0.22794627,0.2139775
2025-11-24,0.12552653,0.066558614,0.06807129,0.08819626,0.074660115,0.14593652,0.07193477,0.12055968,0.11398833,0.2239592,0.20513839
2025-12-01,0.12734681,0.064387634,0.06476601,0.084486246,0.07148478,0.15494856,0.0740766,0.12045551,0.117928416,0.22555557,0.19869694
2025-12-08,0.1276737,0.06598733,0.0655665,0.08765553,0.07176508,0.15331937,0.07544205,0.12112104,0.119525164,0.22176316,0.19555815
2025-12-15,0.12724046,0.065070845,0.068450354,0.09006497,0.07110421,0.15399541,0.076892465,0.12072816,0.12103006,0.21281604,0.19069333
2025-12-22,0.12680118,0.06449286,0.07079291,0.09057329,0.06911146,0.15279105,0.07628239,0.119994424,0.11843066,0.19012032,0.18591794
2025-12-30,0.12216004,0.06278626,0.070136115,0.08808566,0.063601285,0.14530641,0.07559617,0.118204765,0.11181222,0.17865303,0.18781613
